id_order_line,id_order,date_opended,date_created,m_quantity,m_unit_price,m_unit_price_exc_vat,m_total_price_inc_vat,m_total_price_exc_vat,m_tax_percent,m_discount_amount,dim_type,dim_category,dim_name,dim_status,dim_category_translated,dim_name_translated,categories
36303668,7901432,2017-04-29 20:38:13,2017-04-29 20:38:13,1,0,0,0,0,0.2,0,OPTION,Martini 15 cl,Gin,WAITING,Martini 15 cl,Gin,Other Alcholic Drinks
160656467,35669117,2018-07-18 12:55:12,2018-07-18 13:09:03,1,0,0,0,0,0.1,0,PRODUCT,WRAP DE SARRASIN,NYC,WAITING,BUCKWHEAT WRAP,NYC,Appetizers
127895661,27274572,2018-04-27 10:44:45,2018-04-27 10:49:04,1,0,0,0,0,0.1,0,PRODUCT,BREIZH'N'ROLL,NYC,IN_PROGRESS,BREIZH&#39;N&#39;ROLL,NYC,Desserts
124934060,26512568,2018-04-19 10:35:06,2018-04-19 10:35:20,1,0,0,0,0,0.1,0,PRODUCT,BREIZH'N'ROLL,NYC,IN_PROGRESS,BREIZH&#39;N&#39;ROLL,NYC,Desserts
83606925,16715607,2017-11-24 12:35:38,2017-11-24 12:36:19,1,0,0,0,0,0.1,0,PRODUCT,BREIZH'N'ROLL,NYC,IN_PROGRESS,BREIZH&#39;N&#39;ROLL,NYC,Desserts
95576855,19444662,2018-01-17 11:34:34,2018-01-17 11:34:43,1,0,0,0,0,0.1,0,PRODUCT,BREIZH'N'ROLL,NYC,IN_PROGRESS,BREIZH&#39;N&#39;ROLL,NYC,Desserts
122765839,25968886,2018-04-13 12:19:31,2018-04-13 12:21:41,1,0,0,0,0,0.1,0,PRODUCT,BREIZH'N'ROLL,NYC,IN_PROGRESS,BREIZH&#39;N&#39;ROLL,NYC,Desserts
125356289,26620740,2018-04-20 10:32:37,2018-04-20 10:32:45,1,0,0,0,0,0.1,0,PRODUCT,BREIZH'N'ROLL,NYC,IN_PROGRESS,BREIZH&#39;N&#39;ROLL,NYC,Desserts
101489716,20819250,2018-02-07 11:33:17,2018-02-07 11:38:27,1,0,0,0,0,0.1,0,PRODUCT,BREIZH'N'ROLL,NYC,IN_PROGRESS,BREIZH&#39;N&#39;ROLL,NYC,Desserts
84390706,16892571,2017-11-28 11:56:39,2017-11-28 11:56:45,1,0,0,0,0,0.1,0,PRODUCT,BREIZH'N'ROLL,NYC,IN_PROGRESS,BREIZH&#39;N&#39;ROLL,NYC,Desserts
106488507,21984050,2018-02-23 12:23:44,2018-02-23 12:25:02,1,0,0,0,0,0.1,0,PRODUCT,BREIZH'N'ROLL,NYC,IN_PROGRESS,BREIZH&#39;N&#39;ROLL,NYC,Desserts
114793266,24024324,2018-03-22 11:53:50,2018-03-22 11:57:13,1,0,0,0,0,0.1,0,PRODUCT,BREIZH'N'ROLL,NYC,IN_PROGRESS,BREIZH&#39;N&#39;ROLL,NYC,Desserts
127947863,27286723,2018-04-27 11:32:44,2018-04-27 11:32:53,1,0,0,0,0,0.1,0,PRODUCT,BREIZH'N'ROLL,NYC,IN_PROGRESS,BREIZH&#39;N&#39;ROLL,NYC,Desserts
111820102,23298891,2018-03-13 12:12:33,2018-03-13 12:12:41,1,0,0,0,0,0.1,0,PRODUCT,BREIZH'N'ROLL,NYC,IN_PROGRESS,BREIZH&#39;N&#39;ROLL,NYC,Desserts
92274868,18680419,2018-01-04 11:57:01,2018-01-04 11:57:10,1,0,0,0,0,0.1,0,PRODUCT,BREIZH'N'ROLL,NYC,IN_PROGRESS,BREIZH&#39;N&#39;ROLL,NYC,Desserts
83301316,16650774,2017-11-23 11:37:20,2017-11-23 11:40:15,1,0,0,0,0,0.1,0,PRODUCT,BREIZH'N'ROLL,NYC,IN_PROGRESS,BREIZH&#39;N&#39;ROLL,NYC,Desserts
109583453,22734016,2018-03-06 12:14:59,2018-03-06 12:15:41,1,0,0,0,0,0.1,0,PRODUCT,BREIZH'N'ROLL,NYC,IN_PROGRESS,BREIZH&#39;N&#39;ROLL,NYC,Desserts
112829544,23567341,2018-03-16 12:48:08,2018-03-16 12:49:40,1,0,0,0,0,0.1,0,PRODUCT,BREIZH'N'ROLL,NYC,IN_PROGRESS,BREIZH&#39;N&#39;ROLL,NYC,Desserts
167360278,37281514,2018-08-02 10:44:28,2018-08-02 10:50:43,1,0,0,0,0,0.1,0,PRODUCT,WRAP DE SARRASIN,NYC,IN_PROGRESS,BUCKWHEAT WRAP,NYC,Appetizers
144610104,31582765,2018-06-12 11:04:10,2018-06-12 11:05:37,1,0,0,0,0,0.1,0,PRODUCT,WRAP DE SARRASIN,NYC,IN_PROGRESS,BUCKWHEAT WRAP,NYC,Appetizers
161548516,35893365,2018-07-20 10:45:47,2018-07-20 10:47:30,1,0,0,0,0,0.1,0,PRODUCT,WRAP DE SARRASIN,NYC,IN_PROGRESS,BUCKWHEAT WRAP,NYC,Appetizers
76354952,15346325,2017-10-27 11:08:52,2017-10-27 11:10:07,1,0,0,0,0,0.1,0,PRODUCT,BREIZH'N'ROLL,NYC,IN_PROGRESS,BREIZH&#39;N&#39;ROLL,NYC,Desserts
141945156,30880733,2018-06-05 11:28:25,2018-06-05 11:29:14,1,0,0,0,0,0.1,0,PRODUCT,WRAP DE SARRASIN,NYC,IN_PROGRESS,BUCKWHEAT WRAP,NYC,Appetizers
115181761,24122277,2018-03-23 12:03:09,2018-03-23 12:04:22,1,0,0,0,0,0.1,0,PRODUCT,BREIZH'N'ROLL,NYC,IN_PROGRESS,BREIZH&#39;N&#39;ROLL,NYC,Desserts
156908457,34729488,2018-07-10 11:30:54,2018-07-10 11:35:58,1,0,0,0,0,0.1,0,PRODUCT,WRAP DE SARRASIN,NYC,IN_PROGRESS,BUCKWHEAT WRAP,NYC,Appetizers
164333286,36558297,2018-07-26 12:09:37,2018-07-26 12:15:39,1,0,0,0,0,0.1,0,PRODUCT,WRAP DE SARRASIN,NYC,IN_PROGRESS,BUCKWHEAT WRAP,NYC,Appetizers
161049350,35772142,2018-07-19 11:06:29,2018-07-19 11:07:04,1,0,0,0,0,0.1,0,PRODUCT,WRAP DE SARRASIN,NYC,IN_PROGRESS,BUCKWHEAT WRAP,NYC,Appetizers
115736913,24260383,2018-03-24 18:29:19,2018-03-24 18:29:19,1,0,0,0,0,0.1,0,OPTION,Cuissons,Bleu,IN_PROGRESS,Cooking,Blue,Main Dishes
221797312,50855750,2018-11-30 20:38:22,2018-11-30 20:38:22,1,0,0,0,0,0.1,0,OPTION,Cuissons,Bleu,IN_PROGRESS,Cooking,Blue,Main Dishes
469192983,107218807,2019-12-07 20:00:58,2019-12-07 20:00:58,1,0,0,0,0,0.1,0,OPTION,Cuissons,Bleu,IN_PROGRESS,Cooking,Blue,Main Dishes
14822110,3457889,2016-10-25 11:02:58,2016-10-25 11:02:58,1,0,0,0,0,0.1,0,OPTION,Cuissons,Bleu,IN_PROGRESS,Cooking,Blue,Main Dishes
91071980,18380671,2017-12-27 19:29:56,2017-12-27 19:29:56,1,0,0,0,0,0.1,0,OPTION,Cuissons,Bleu,IN_PROGRESS,Cooking,Blue,Main Dishes
267672920,62461849,2019-03-06 18:26:40,2019-03-06 18:26:40,1,0,0,0,0,0.1,0,OPTION,Cuissons,Bleu,IN_PROGRESS,Cooking,Blue,Main Dishes
100200535,20539100,2018-02-02 18:40:04,2018-02-02 18:40:04,1,0,0,0,0,0.1,0,OPTION,Cuissons,Bleu,IN_PROGRESS,Cooking,Blue,Main Dishes
78424049,15651833,2017-11-02 19:04:43,2017-11-02 19:04:43,1,0,0,0,0,0.1,0,OPTION,Cuissons,Bleu,IN_PROGRESS,Cooking,Blue,Main Dishes
308416223,72565582,2019-05-15 11:07:20,2019-05-15 11:07:20,1,0,0,0,0,0.1,0,OPTION,Cuissons,Bleu,IN_PROGRESS,Cooking,Blue,Main Dishes
71586888,14346111,2017-10-06 19:48:53,2017-10-06 19:48:53,1,0,0,0,0,0.1,0,OPTION,Cuissons,Bleu,IN_PROGRESS,Cooking,Blue,Main Dishes
230809261,53141601,2018-12-19 20:02:54,2018-12-19 20:02:54,1,0,0,0,0,0.1,0,OPTION,Cuissons,Bleu,IN_PROGRESS,Cooking,Blue,Main Dishes
51804594,11127519,2017-07-21 19:45:34,2017-07-21 19:45:34,1,0,0,0,0,0.1,0,OPTION,Cuissons,Bleu,IN_PROGRESS,Cooking,Blue,Main Dishes
72126353,14474244,2017-10-09 18:49:48,2017-10-09 18:49:48,1,0,0,0,0,0.1,0,OPTION,Cuissons,Bleu,IN_PROGRESS,Cooking,Blue,Main Dishes
512153413,113430251,2020-01-17 18:23:00,2020-01-17 18:23:00,1,0,0,0,0,0.1,0,OPTION,Cuissons,Bleu,IN_PROGRESS,Cooking,Blue,Main Dishes
306553431,72081760,2019-05-11 18:32:36,2019-05-11 18:32:36,1,0,0,0,0,0.1,0,OPTION,Cuissons,Bleu,IN_PROGRESS,Cooking,Blue,Main Dishes
561377156,123170102,2020-03-12 12:40:28,2020-03-12 12:40:28,1,0,0,0,0,0.1,0,OPTION,Cuissons,Bleu,IN_PROGRESS,Cooking,Blue,Main Dishes
280873043,65797994,2019-03-29 20:40:12,2019-03-29 20:40:12,1,0,0,0,0,0.1,0,OPTION,Cuissons,Bleu,IN_PROGRESS,Cooking,Blue,Main Dishes
177838454,39707405,2018-08-28 19:30:35,2018-08-28 19:30:35,1,0,0,0,0,0.1,0,OPTION,Cuissons,Bleu,IN_PROGRESS,Cooking,Blue,Main Dishes
36033366,7840400,2017-04-28 11:47:57,2017-04-28 11:47:57,1,0,0,0,0,0.1,0,OPTION,Cuissons,Bleu,IN_PROGRESS,Cooking,Blue,Main Dishes
375705164,88603120,2019-08-22 18:07:38,2019-08-22 18:07:38,1,0,0,0,0,0.1,0,OPTION,Cuissons,Bleu,IN_PROGRESS,Cooking,Blue,Main Dishes
16220382,3773334,2016-11-11 20:37:16,2016-11-11 20:37:16,1,0,0,0,0,0.1,0,OPTION,Cuissons,Bleu,IN_PROGRESS,Cooking,Blue,Main Dishes
269701182,62960141,2019-03-09 20:35:47,2019-03-09 20:35:47,1,0,0,0,0,0.1,0,OPTION,Cuissons,Bleu,IN_PROGRESS,Cooking,Blue,Main Dishes
256719192,59721343,2019-02-14 19:30:32,2019-02-14 19:30:32,1,0,0,0,0,0.1,0,OPTION,Cuissons,Bleu,IN_PROGRESS,Cooking,Blue,Main Dishes
544495783,119485829,2020-02-20 19:37:56,2020-02-20 19:37:56,1,0,0,0,0,0.1,0,OPTION,Cuissons,Bleu,IN_PROGRESS,Cooking,Blue,Main Dishes
107028134,22106154,2018-02-24 20:12:44,2018-02-24 20:12:44,1,0,0,0,0,0.1,0,OPTION,Cuissons,Bleu,IN_PROGRESS,Cooking,Blue,Main Dishes
146638547,32111437,2018-06-16 19:34:16,2018-06-16 19:34:16,1,0,0,0,0,0.1,0,OPTION,Cuissons,Bleu,IN_PROGRESS,Cooking,Blue,Main Dishes
256137767,59533987,2019-02-13 20:24:01,2019-02-13 20:24:01,1,0,0,0,0,0.1,0,OPTION,Cuissons,Bleu,IN_PROGRESS,Cooking,Blue,Main Dishes
248466101,57618237,2019-01-29 18:56:59,2019-01-29 18:56:59,1,0,0,0,0,0.1,0,OPTION,Cuissons,Bleu,WAITING,Cooking,Blue,Main Dishes
332976561,78609425,2019-06-21 18:57:00,2019-06-21 18:57:00,1,0,0,0,0,0.1,0,OPTION,PARFUM,MURE,WAITING,SCENT,BLACKBERRY,others
193486194,43568970,2018-09-29 20:43:20,2018-09-29 20:43:20,1,0,0,0,0,0.1,0,OPTION,PARFUM,MURE,WAITING,SCENT,BLACKBERRY,others
235015072,54176646,2018-12-30 11:39:05,2018-12-30 11:39:05,1,0,0,0,0,0.1,0,OPTION,PARFUM,MURE,WAITING,SCENT,BLACKBERRY,others
258182055,60076416,2019-02-16 20:21:33,2019-02-16 20:21:33,1,0,0,0,0,0.1,0,OPTION,PARFUM,MURE,WAITING,SCENT,BLACKBERRY,others
6497403,1559647,2016-06-13 18:36:04,2016-06-13 18:38:15,1,0,0,0,0,0.1,0,PRODUCT,"Menu 25,00",Naan,IN_PROGRESS,"Menu 25,00",Naan,Main Dishes
217172555,49654311,2018-11-20 19:02:21,2018-11-20 19:03:42,1,0,0,0,0,0.1,0,PRODUCT,"Menu 25,00",Naan,IN_PROGRESS,"Menu 25,00",Naan,Main Dishes
16205896,3770741,2016-11-11 18:50:17,2016-11-11 18:50:24,1,0,0,0,0,0.1,0,PRODUCT,"Menu 25,00",Naan,IN_PROGRESS,"Menu 25,00",Naan,Main Dishes
5309009,1281197,2016-05-16 17:32:14,2016-05-16 17:32:53,1,0,0,0,0,0.1,0,PRODUCT,"Menu 25,00",Naan,IN_PROGRESS,"Menu 25,00",Naan,Main Dishes
379619914,89522791,2019-08-28 18:08:42,2019-08-28 18:08:59,1,0,0,0,0,0.1,0,PRODUCT,"Menu 25,00",Naan,IN_PROGRESS,"Menu 25,00",Naan,Main Dishes
196496970,44354196,2018-10-06 12:36:24,2018-10-06 12:42:24,1,0,0,0,0,0.1,0,PRODUCT,BRUNCH,Oeuf,IN_PROGRESS,Brunch,Egg,Main Dishes
206442235,46920108,2018-10-27 11:14:29,2018-10-27 11:14:33,1,0,0,0,0,0.1,0,PRODUCT,BRUNCH,Oeuf,IN_PROGRESS,Brunch,Egg,Main Dishes
222107522,50933203,2018-12-01 13:06:18,2018-12-01 13:11:25,1,0,0,0,0,0.1,0,PRODUCT,BRUNCH,Oeuf,WAITING,Brunch,Egg,Main Dishes
193059491,43475157,2018-09-29 10:55:26,2018-09-29 11:00:05,1,0,0,0,0,0.1,0,PRODUCT,BRUNCH,Oeuf,IN_PROGRESS,Brunch,Egg,Main Dishes
196528530,44361315,2018-10-06 13:28:42,2018-10-06 13:28:45,1,0,0,0,0,0.1,0,PRODUCT,BRUNCH,Oeuf,IN_PROGRESS,Brunch,Egg,Main Dishes
189804759,42637385,2018-09-22 10:21:55,2018-09-22 10:33:12,1,0,0,0,0,0.1,0,PRODUCT,BRUNCH,Oeuf,IN_PROGRESS,Brunch,Egg,Main Dishes
193043330,43471838,2018-09-29 10:37:52,2018-09-29 10:44:25,1,0,0,0,0,0.1,0,PRODUCT,BRUNCH,Oeuf,IN_PROGRESS,Brunch,Egg,Main Dishes
228841852,52645501,2018-12-15 13:58:56,2018-12-15 14:01:21,1,0,0,0,0,0.1,0,PRODUCT,BRUNCH,Oeuf,WAITING,Brunch,Egg,Main Dishes
196432033,44341318,2018-10-06 11:18:53,2018-10-06 11:32:23,1,0,0,0,0,0.1,0,PRODUCT,BRUNCH,Oeuf,IN_PROGRESS,Brunch,Egg,Main Dishes
203040326,46054410,2018-10-20 10:28:06,2018-10-20 10:28:09,1,0,0,0,0,0.1,0,PRODUCT,BRUNCH,Oeuf,IN_PROGRESS,Brunch,Egg,Main Dishes
206410964,46913386,2018-10-27 10:27:57,2018-10-27 10:36:43,1,0,0,0,0,0.1,0,PRODUCT,BRUNCH,Oeuf,IN_PROGRESS,Brunch,Egg,Main Dishes
212658909,48482987,2018-11-10 13:06:03,2018-11-10 13:12:46,1,0,0,0,0,0.1,0,PRODUCT,BRUNCH,Oeuf,IN_PROGRESS,Brunch,Egg,Main Dishes
209513132,47669491,2018-11-03 12:23:05,2018-11-03 12:23:32,1,0,0,0,0,0.1,0,PRODUCT,BRUNCH,Oeuf,IN_PROGRESS,Brunch,Egg,Main Dishes
168344853,37513270,2018-08-04 11:33:35,2018-08-04 11:38:19,1,0,0,0,0,0.1,0,PRODUCT,BRUNCH,Oeuf,IN_PROGRESS,Brunch,Egg,Main Dishes
193093615,43481918,2018-09-29 11:31:03,2018-09-29 11:33:55,1,0,0,0,0,0.1,0,PRODUCT,BRUNCH,Oeuf,IN_PROGRESS,Brunch,Egg,Main Dishes
218834135,50091539,2018-11-24 11:08:49,2018-11-24 11:17:30,1,0,0,0,0,0.1,0,PRODUCT,BRUNCH,Oeuf,IN_PROGRESS,Brunch,Egg,Main Dishes
168403708,37525296,2018-08-04 13:43:59,2018-08-04 13:44:01,1,0,0,0,0,0.1,0,PRODUCT,BRUNCH,Oeuf,WAITING,Brunch,Egg,Main Dishes
199793255,45212114,2018-10-13 12:19:03,2018-10-13 12:21:39,1,0,0,0,0,0.1,0,PRODUCT,BRUNCH,Oeuf,WAITING,Brunch,Egg,Main Dishes
215793480,49300990,2018-11-17 12:09:57,2018-11-17 12:10:25,1,0,0,0,0,0.1,0,PRODUCT,BRUNCH,Oeuf,IN_PROGRESS,Brunch,Egg,Main Dishes
206548771,46941809,2018-10-27 13:33:43,2018-10-27 13:37:19,1,0,0,0,0,0.1,0,PRODUCT,BRUNCH,Oeuf,WAITING,Brunch,Egg,Main Dishes
196382288,44330486,2018-10-06 10:09:38,2018-10-06 10:41:17,1,0,0,0,0,0.1,0,PRODUCT,BRUNCH,Oeuf,IN_PROGRESS,Brunch,Egg,Main Dishes
193067182,43476475,2018-09-29 11:00:19,2018-09-29 11:07:08,1,0,0,0,0,0.1,0,PRODUCT,BRUNCH,Oeuf,IN_PROGRESS,Brunch,Egg,Main Dishes
225471546,51789168,2018-12-08 12:45:37,2018-12-08 12:45:59,1,0,0,0,0,0.1,0,PRODUCT,BRUNCH,Oeuf,IN_PROGRESS,Brunch,Egg,Main Dishes
218883831,50102899,2018-11-24 12:14:23,2018-11-24 12:17:23,1,0,0,0,0,0.1,0,PRODUCT,BRUNCH,Oeuf,IN_PROGRESS,Brunch,Egg,Main Dishes
223577457,51291029,2018-12-04 20:14:41,2018-12-04 20:14:41,1,0,0,0,0,0.2,0,OPTION,PARFUM,PAAN,WAITING,SCENT,PAAN,others
279156954,65362278,2019-03-27 11:43:31,2019-03-27 11:43:42,1,0,0,0,0,0.055,0,PRODUCT,CAFE / THE,THÉ,IN_PROGRESS,CAFE / THE,TEA,Beers
345348883,81580993,2019-07-09 10:46:07,2019-07-09 10:46:15,1,0,0,0,0,0.055,0,PRODUCT,CAFE / THE,THÉ,IN_PROGRESS,CAFE / THE,TEA,Beers
239137785,55234463,2019-01-10 11:16:16,2019-01-10 11:30:08,1,0,0,0,0,0.055,0,PRODUCT,CAFE / THE,THÉ,IN_PROGRESS,CAFE / THE,TEA,Beers
275684609,64491425,2019-03-21 11:34:19,2019-03-21 11:34:49,1,0,0,0,0,0.055,0,PRODUCT,CAFE / THE,THÉ,IN_PROGRESS,CAFE / THE,TEA,Beers
351338708,82980925,2019-07-17 10:36:46,2019-07-17 10:36:51,1,0,0,0,0,0.055,0,PRODUCT,CAFE / THE,THÉ,IN_PROGRESS,CAFE / THE,TEA,Beers
340962310,80535478,2019-07-03 11:09:09,2019-07-03 11:09:28,1,0,0,0,0,0.055,0,PRODUCT,CAFE / THE,THÉ,IN_PROGRESS,CAFE / THE,TEA,Beers
268042232,62554427,2019-03-07 12:27:16,2019-03-07 12:29:27,1,0,0,0,0,0.055,0,PRODUCT,CAFE / THE,THÉ,IN_PROGRESS,CAFE / THE,TEA,Beers
286677811,67219680,2019-04-08 11:53:14,2019-04-08 11:53:35,1,0,0,0,0,0.055,0,PRODUCT,CAFE / THE,THÉ,IN_PROGRESS,CAFE / THE,TEA,Beers
286668107,67217539,2019-04-08 11:41:50,2019-04-08 11:43:58,1,0,0,0,0,0.055,0,PRODUCT,CAFE / THE,THÉ,IN_PROGRESS,CAFE / THE,TEA,Beers
350634980,82812235,2019-07-16 10:54:56,2019-07-16 10:55:10,1,0,0,0,0,0.055,0,PRODUCT,CAFE / THE,THÉ,WAITING,CAFE / THE,TEA,Beers
329787285,77804285,2019-06-17 10:44:04,2019-06-17 10:44:25,1,0,0,0,0,0.055,0,PRODUCT,CAFE / THE,THÉ,IN_PROGRESS,CAFE / THE,TEA,Beers
6629824,1591001,2016-06-16 12:08:57,2016-06-16 12:09:35,1,0,0,0,0,0.1,0,PRODUCT,Boissons,Thé,IN_PROGRESS,Drinks,Tea,Wines
4644156,1109270,2016-04-24 19:49:29,2016-04-24 20:01:33,1,0,0,0,0,0.1,0,PRODUCT,Boissons,Thé,IN_PROGRESS,Drinks,Tea,Wines
73000970,14681523,2017-10-13 18:43:01,2017-10-13 18:43:15,1,0,0,0,0,0.1,0,PRODUCT,Boissons chaudes,Thé,IN_PROGRESS,Hot drinks,Tea,Hot Drinks
31279042,6770718,2017-03-24 18:20:14,2017-03-24 18:47:35,1,0,0,0,0,0.1,0,PRODUCT,Boissons chaudes,Thé,IN_PROGRESS,Hot drinks,Tea,Hot Drinks
35687032,7752610,2017-04-25 18:55:44,2017-04-25 18:58:25,1,0,0,0,0,0.1,0,PRODUCT,Boissons chaudes,Thé,IN_PROGRESS,Hot drinks,Tea,Hot Drinks
71696885,14370399,2017-10-07 11:36:54,2017-10-07 11:37:49,1,0,0,0,0,0.1,0,PRODUCT,Boissons chaudes,Thé,IN_PROGRESS,Hot drinks,Tea,Hot Drinks
31899254,6919486,2017-03-29 20:54:28,2017-03-29 20:54:45,1,0,0,0,0,0.1,0,PRODUCT,Boissons chaudes,Thé,IN_PROGRESS,Hot drinks,Tea,Hot Drinks
9993741,2458373,2016-08-24 20:11:44,2016-08-24 20:11:50,1,0,0,0,0,0.1,0,PRODUCT,Boissons chaudes,Thé,IN_PROGRESS,Hot drinks,Tea,Hot Drinks
28888058,6170011,2017-03-03 20:25:27,2017-03-03 20:25:41,1,0,0,0,0,0.1,0,PRODUCT,Boissons chaudes,Thé,IN_PROGRESS,Hot drinks,Tea,Hot Drinks
33986904,7327032,2017-04-11 20:02:42,2017-04-11 20:30:04,1,0,0,0,0,0.1,0,PRODUCT,Boissons chaudes,Thé,IN_PROGRESS,Hot drinks,Tea,Hot Drinks
9093568,2230788,2016-08-02 18:26:59,2016-08-02 18:29:19,1,0,0,0,0,0.1,0,PRODUCT,Boissons chaudes,Thé,IN_PROGRESS,Hot drinks,Tea,Hot Drinks
18887606,4357265,2016-12-10 21:10:34,2016-12-10 21:13:29,1,0,0,0,0,0.1,0,PRODUCT,Boissons,Thé,IN_PROGRESS,Drinks,Tea,Wines
71777888,14392250,2017-10-07 17:11:33,2017-10-07 17:14:41,1,0,0,0,0,0.1,0,PRODUCT,Boissons chaudes,Thé,IN_PROGRESS,Hot drinks,Tea,Hot Drinks
74840192,15097180,2017-10-21 21:53:18,2017-10-21 22:30:04,1,0,0,0,0,0.1,0,PRODUCT,Boissons chaudes,Thé,IN_PROGRESS,Hot drinks,Tea,Hot Drinks
64025269,12640929,2017-08-30 19:47:20,2017-08-30 20:00:11,1,0,0,0,0,0.1,0,PRODUCT,Boissons chaudes,Thé,IN_PROGRESS,Hot drinks,Tea,Hot Drinks
9813860,2413844,2016-08-20 11:44:20,2016-08-20 11:49:22,1,0,0,0,0,0.1,0,PRODUCT,Boissons chaudes,Thé,IN_PROGRESS,Hot drinks,Tea,Hot Drinks
61749878,12434743,2017-08-25 17:48:33,2017-08-25 18:00:10,1,0,0,0,0,0.1,0,PRODUCT,Boissons chaudes,Thé,IN_PROGRESS,Hot drinks,Tea,Hot Drinks
12499147,3055712,2016-10-02 17:20:17,2016-10-02 18:19:36,1,0,0,0,0,0.1,0,PRODUCT,Boissons chaudes,Thé,IN_PROGRESS,Hot drinks,Tea,Hot Drinks
9703185,2386288,2016-08-17 12:52:11,2016-08-17 17:15:15,1,0,0,0,0,0.1,0,PRODUCT,Boissons chaudes,Thé,IN_PROGRESS,Hot drinks,Tea,Hot Drinks
9137915,2241777,2016-08-03 18:30:46,2016-08-03 18:30:57,1,0,0,0,0,0.1,0,PRODUCT,Boissons chaudes,Thé,IN_PROGRESS,Hot drinks,Tea,Hot Drinks
74963295,15126632,2017-10-22 18:28:48,2017-10-22 18:39:51,1,0,0,0,0,0.1,0,PRODUCT,Boissons chaudes,Thé,IN_PROGRESS,Hot drinks,Tea,Hot Drinks
46684409,10298950,2017-07-02 19:41:52,2017-07-02 19:47:07,1,0,0,0,0,0.1,0,PRODUCT,Boissons chaudes,Thé,IN_PROGRESS,Hot drinks,Tea,Hot Drinks
34042263,7347432,2017-04-12 11:25:57,2017-04-12 11:27:03,1,0,0,0,0,0.1,0,PRODUCT,Boissons chaudes,Thé,IN_PROGRESS,Hot drinks,Tea,Hot Drinks
33766361,7276087,2017-04-09 18:47:13,2017-04-09 18:48:31,1,0,0,0,0,0.1,0,PRODUCT,Boissons chaudes,Thé,IN_PROGRESS,Hot drinks,Tea,Hot Drinks
9019857,2211495,2016-07-31 20:08:26,2016-07-31 20:08:30,1,0,0,0,0,0.1,0,PRODUCT,Boissons chaudes,Thé,IN_PROGRESS,Hot drinks,Tea,Hot Drinks
38394606,8420971,2017-05-16 19:52:05,2017-05-16 19:54:18,1,0,0,0,0,0.1,0,PRODUCT,Boissons chaudes,Thé,IN_PROGRESS,Hot drinks,Tea,Hot Drinks
83585191,16710827,2017-11-24 11:27:00,2017-11-24 12:06:58,1,0,0,0,0,0.1,0,PRODUCT,Boissons,Thé,IN_PROGRESS,Drinks,Tea,Wines
26180827,5539319,2017-02-06 21:02:07,2017-02-06 21:02:10,1,0,0,0,0,0.1,0,PRODUCT,Boissons chaudes,Thé,IN_PROGRESS,Hot drinks,Tea,Hot Drinks
13332848,3244421,2016-10-13 11:43:08,2016-10-13 11:46:07,1,0,0,0,0,0.1,0,PRODUCT,Boissons,Thé,IN_PROGRESS,Drinks,Tea,Wines
84063954,16801760,2017-11-25 22:08:02,2017-11-25 22:08:24,1,0,0,0,0,0.1,0,PRODUCT,Boissons,Thé,IN_PROGRESS,Drinks,Tea,Wines
30380548,6544230,2017-03-17 11:32:21,2017-03-17 11:33:15,1,0,0,0,0,0.1,0,PRODUCT,Boissons chaudes,Thé,IN_PROGRESS,Hot drinks,Tea,Hot Drinks
46684420,10298950,2017-07-02 19:42:07,2017-07-02 19:47:07,1,0,0,0,0,0.1,0,PRODUCT,Boissons chaudes,Thé,IN_PROGRESS,Hot drinks,Tea,Hot Drinks
5834199,1411363,2016-05-30 19:51:49,2016-05-30 19:54:49,1,0,0,0,0,0.1,0,PRODUCT,Boissons chaudes,Thé,IN_PROGRESS,Hot drinks,Tea,Hot Drinks
48929228,10622039,2017-07-09 19:10:23,2017-07-09 19:10:35,1,0,0,0,0,0.1,0,PRODUCT,Boissons chaudes,Thé,IN_PROGRESS,Hot drinks,Tea,Hot Drinks
40995519,9122131,2017-06-03 10:44:23,2017-06-03 12:03:21,1,0,0,0,0,0.1,0,PRODUCT,Boissons chaudes,Thé,IN_PROGRESS,Hot drinks,Tea,Hot Drinks
48259300,10526508,2017-07-07 18:00:33,2017-07-07 18:05:42,1,0,0,0,0,0.1,0,PRODUCT,Boissons chaudes,Thé,IN_PROGRESS,Hot drinks,Tea,Hot Drinks
16185698,3765496,2016-11-11 13:49:11,2016-11-11 13:56:45,1,0,0,0,0,0.1,0,PRODUCT,Boissons,Thé,IN_PROGRESS,Drinks,Tea,Wines
35699980,7754261,2017-04-25 20:27:18,2017-04-25 20:27:29,1,0,0,0,0,0.1,0,PRODUCT,Boissons chaudes,Thé,IN_PROGRESS,Hot drinks,Tea,Hot Drinks
78631808,15688860,2017-11-03 12:56:24,2017-11-03 12:59:04,1,0,0,0,0,0.1,0,PRODUCT,Boissons chaudes,Thé,IN_PROGRESS,Hot drinks,Tea,Hot Drinks
28434621,6056910,2017-02-27 19:51:49,2017-02-27 19:51:59,1,0,0,0,0,0.1,0,PRODUCT,Boissons chaudes,Thé,IN_PROGRESS,Hot drinks,Tea,Hot Drinks
29185846,6240220,2017-03-06 20:45:59,2017-03-06 20:47:10,1,0,0,0,0,0.1,0,PRODUCT,Boissons,Thé,IN_PROGRESS,Drinks,Tea,Wines
34468679,7451441,2017-04-15 11:26:07,2017-04-15 11:37:10,1,0,0,0,0,0.1,0,PRODUCT,Boissons chaudes,Thé,IN_PROGRESS,Hot drinks,Tea,Hot Drinks
52037505,11177610,2017-07-22 19:34:09,2017-07-22 19:35:53,1,0,0,0,0,0.1,0,PRODUCT,Boissons chaudes,Thé,IN_PROGRESS,Hot drinks,Tea,Hot Drinks
32893182,7107351,2017-04-04 19:24:10,2017-04-04 19:29:13,1,0,0,0,0,0.1,0,PRODUCT,Boissons chaudes,Thé,IN_PROGRESS,Hot drinks,Tea,Hot Drinks
31105827,6722273,2017-03-23 12:30:57,2017-03-23 12:44:41,1,0,0,0,0,0.1,0,PRODUCT,Boissons chaudes,Thé,IN_PROGRESS,Hot drinks,Tea,Hot Drinks
72745315,14622948,2017-10-12 20:01:39,2017-10-12 20:04:23,1,0,0,0,0,0.1,0,PRODUCT,Boissons chaudes,Thé,IN_PROGRESS,Hot drinks,Tea,Hot Drinks
33221729,7156983,2017-04-06 11:43:30,2017-04-06 11:52:00,1,0,0,0,0,0.1,0,PRODUCT,Boissons chaudes,Thé,IN_PROGRESS,Hot drinks,Tea,Hot Drinks
52166891,11199108,2017-07-23 12:40:17,2017-07-23 12:40:25,1,0,0,0,0,0.1,0,PRODUCT,Boissons chaudes,Thé,IN_PROGRESS,Hot drinks,Tea,Hot Drinks
37219456,8125509,2017-05-07 12:59:37,2017-05-07 13:11:21,1,0,0,0,0,0.1,0,PRODUCT,Boissons chaudes,Thé,IN_PROGRESS,Hot drinks,Tea,Hot Drinks
15280422,3551801,2016-10-29 19:24:32,2016-10-29 19:24:38,1,0,0,0,0,0.1,0,PRODUCT,Boissons chaudes,Thé,IN_PROGRESS,Hot drinks,Tea,Hot Drinks
32121616,6976886,2017-03-31 12:13:36,2017-03-31 12:14:12,1,0,0,0,0,0.1,0,PRODUCT,Boissons chaudes,Thé,IN_PROGRESS,Hot drinks,Tea,Hot Drinks
9813855,2413844,2016-08-20 11:43:49,2016-08-20 11:49:22,1,0,0,0,0,0.1,0,PRODUCT,Boissons chaudes,Thé,IN_PROGRESS,Hot drinks,Tea,Hot Drinks
66238040,13104881,2017-09-09 19:19:42,2017-09-09 19:19:51,1,0,0,0,0,0.1,0,PRODUCT,Boissons chaudes,Thé,IN_PROGRESS,Hot drinks,Tea,Hot Drinks
57907442,11936816,2017-08-11 19:36:11,2017-08-11 19:36:29,1,0,0,0,0,0.1,0,PRODUCT,Boissons chaudes,Thé,IN_PROGRESS,Hot drinks,Tea,Hot Drinks
54133023,11579731,2017-08-01 21:03:50,2017-08-01 21:07:04,1,0,0,0,0,0.1,0,PRODUCT,Boissons chaudes,Thé,IN_PROGRESS,Hot drinks,Tea,Hot Drinks
77039092,15435187,2017-10-28 20:48:57,2017-10-28 20:49:04,1,0,0,0,0,0.1,0,PRODUCT,Boissons chaudes,Thé,IN_PROGRESS,Hot drinks,Tea,Hot Drinks
11434842,2810436,2016-09-17 19:22:51,2016-09-17 19:22:57,1,0,0,0,0,0.1,0,PRODUCT,Boissons,Thé,IN_PROGRESS,Drinks,Tea,Wines
40394091,8968766,2017-05-30 18:27:09,2017-05-30 18:27:31,1,0,0,0,0,0.1,0,PRODUCT,Boissons chaudes,Thé,IN_PROGRESS,Hot drinks,Tea,Hot Drinks
43010622,9624988,2017-06-16 11:52:19,2017-06-16 11:57:52,1,0,0,0,0,0.1,0,PRODUCT,Boissons chaudes,Thé,IN_PROGRESS,Hot drinks,Tea,Hot Drinks
25905019,5473931,2017-02-03 19:57:59,2017-02-03 20:10:53,1,0,0,0,0,0.1,0,PRODUCT,Boissons chaudes,Thé,IN_PROGRESS,Hot drinks,Tea,Hot Drinks
58909404,12109755,2017-08-17 11:27:58,2017-08-17 11:28:12,1,0,0,0,0,0.1,0,PRODUCT,Boissons chaudes,Thé,IN_PROGRESS,Hot drinks,Tea,Hot Drinks
13599475,3306267,2016-10-16 18:20:55,2016-10-16 18:22:43,1,0,0,0,0,0.1,0,PRODUCT,Boissons chaudes,Thé,IN_PROGRESS,Hot drinks,Tea,Hot Drinks
67519936,13361013,2017-09-15 18:40:22,2017-09-15 18:40:36,1,0,0,0,0,0.1,0,PRODUCT,Boissons chaudes,Thé,IN_PROGRESS,Hot drinks,Tea,Hot Drinks
5292739,1276667,2016-05-15 19:21:27,2016-05-15 19:21:31,1,0,0,0,0,0.1,0,PRODUCT,Boissons,Thé,IN_PROGRESS,Drinks,Tea,Wines
15596648,3629650,2016-11-03 20:11:26,2016-11-03 20:11:32,1,0,0,0,0,0.1,0,PRODUCT,Boissons,Thé,IN_PROGRESS,Drinks,Tea,Wines
82803275,16531567,2017-11-20 20:12:26,2017-11-20 20:15:27,1,0,0,0,0,0.1,0,PRODUCT,Boissons,Thé,IN_PROGRESS,Drinks,Tea,Wines
4943050,1186124,2016-05-04 19:15:15,2016-05-04 19:15:26,1,0,0,0,0,0.1,0,PRODUCT,Boissons,Thé,IN_PROGRESS,Drinks,Tea,Wines
43578002,9730024,2017-06-18 20:07:34,2017-06-18 20:07:40,1,0,0,0,0,0.1,0,PRODUCT,Boissons chaudes,Thé,IN_PROGRESS,Hot drinks,Tea,Hot Drinks
9809649,2413003,2016-08-20 10:52:45,2016-08-20 10:53:16,1,0,0,0,0,0.1,0,PRODUCT,Boissons chaudes,Thé,IN_PROGRESS,Hot drinks,Tea,Hot Drinks
52028576,11176430,2017-07-22 19:13:57,2017-07-22 19:15:16,1,0,0,0,0,0.1,0,PRODUCT,Boissons chaudes,Thé,IN_PROGRESS,Hot drinks,Tea,Hot Drinks
57898008,11940257,2017-08-11 19:16:13,2017-08-11 19:16:55,1,0,0,0,0,0.1,0,PRODUCT,Boissons chaudes,Thé,IN_PROGRESS,Hot drinks,Tea,Hot Drinks
17666715,4123654,2016-11-30 19:54:53,2016-11-30 19:54:57,1,0,0,0,0,0.1,0,PRODUCT,Boissons,Thé,IN_PROGRESS,Drinks,Tea,Wines
71543558,14338394,2017-10-06 18:08:28,2017-10-06 18:08:55,1,0,0,0,0,0.1,0,PRODUCT,Boissons chaudes,Thé,IN_PROGRESS,Hot drinks,Tea,Hot Drinks
9073070,2225236,2016-08-02 11:52:17,2016-08-02 11:54:18,1,0,0,0,0,0.1,0,PRODUCT,Boissons chaudes,Thé,IN_PROGRESS,Hot drinks,Tea,Hot Drinks
7938870,1941178,2016-07-09 20:09:14,2016-07-09 20:10:27,1,0,0,0,0,0.1,0,PRODUCT,Boissons chaudes,Thé,IN_PROGRESS,Hot drinks,Tea,Hot Drinks
78750668,15709870,2017-11-03 19:22:06,2017-11-03 19:22:14,1,0,0,0,0,0.1,0,PRODUCT,Boissons chaudes,Thé,IN_PROGRESS,Hot drinks,Tea,Hot Drinks
17869980,4172385,2016-12-02 21:53:30,2016-12-02 21:56:39,1,0,0,0,0,0.1,0,PRODUCT,Boissons,Thé,IN_PROGRESS,Drinks,Tea,Wines
8134237,1992290,2016-07-13 18:07:06,2016-07-13 18:07:25,1,0,0,0,0,0.1,0,PRODUCT,Boissons chaudes,Thé,IN_PROGRESS,Hot drinks,Tea,Hot Drinks
53801142,11540447,2017-07-31 20:47:07,2017-07-31 20:47:13,1,0,0,0,0,0.1,0,PRODUCT,Boissons chaudes,Thé,IN_PROGRESS,Hot drinks,Tea,Hot Drinks
65782587,13029222,2017-09-08 11:12:47,2017-09-08 11:13:02,1,0,0,0,0,0.1,0,PRODUCT,Boissons chaudes,Thé,IN_PROGRESS,Hot drinks,Tea,Hot Drinks
16541563,3846576,2016-11-16 13:12:37,2016-11-16 13:13:17,1,0,0,0,0,0.1,0,PRODUCT,Boissons,Thé,IN_PROGRESS,Drinks,Tea,Wines
17443971,4064867,2016-11-27 12:23:47,2016-11-27 12:24:32,1,0,0,0,0,0.1,0,PRODUCT,Boissons chaudes,Thé,IN_PROGRESS,Hot drinks,Tea,Hot Drinks
49139613,10652770,2017-07-10 20:00:15,2017-07-10 20:37:30,1,0,0,0,0,0.1,0,PRODUCT,Boissons chaudes,Thé,IN_PROGRESS,Hot drinks,Tea,Hot Drinks
41316173,9196247,2017-06-05 20:29:56,2017-06-05 20:31:58,1,0,0,0,0,0.1,0,PRODUCT,Boissons,Thé,IN_PROGRESS,Drinks,Tea,Wines
77007227,15435144,2017-10-28 19:38:42,2017-10-28 19:38:53,1,0,0,0,0,0.1,0,PRODUCT,Boissons chaudes,Thé,IN_PROGRESS,Hot drinks,Tea,Hot Drinks
83441787,16680745,2017-11-23 19:22:30,2017-11-23 19:23:50,1,0,0,0,0,0.1,0,PRODUCT,Boissons,Thé,IN_PROGRESS,Drinks,Tea,Wines
13530721,3291538,2016-10-15 18:06:44,2016-10-15 18:07:06,1,0,0,0,0,0.1,0,PRODUCT,Boissons,Thé,IN_PROGRESS,Drinks,Tea,Wines
26223907,5551355,2017-02-07 12:29:59,2017-02-07 12:39:33,1,0,0,0,0,0.1,0,PRODUCT,Boissons chaudes,Thé,IN_PROGRESS,Hot drinks,Tea,Hot Drinks
48806223,10607037,2017-07-09 11:15:58,2017-07-09 11:41:14,1,0,0,0,0,0.1,0,PRODUCT,Boissons,Thé,IN_PROGRESS,Drinks,Tea,Wines
40747833,9057896,2017-06-01 20:13:51,2017-06-01 20:14:38,1,0,0,0,0,0.1,0,PRODUCT,Boissons chaudes,Thé,IN_PROGRESS,Hot drinks,Tea,Hot Drinks
4634850,1107166,2016-04-24 10:20:45,2016-04-24 10:20:51,1,0,0,0,0,0.1,0,PRODUCT,Boissons,Thé,IN_PROGRESS,Drinks,Tea,Wines
40506834,8988332,2017-05-31 11:59:30,2017-05-31 12:00:35,1,0,0,0,0,0.1,0,PRODUCT,Boissons chaudes,Thé,IN_PROGRESS,Hot drinks,Tea,Hot Drinks
22449715,4874606,2017-01-07 20:36:03,2017-01-07 20:36:10,1,0,0,0,0,0.1,0,PRODUCT,Boissons,Thé,IN_PROGRESS,Drinks,Tea,Wines
33585510,7231956,2017-04-08 12:12:35,2017-04-08 12:14:10,1,0,0,0,0,0.1,0,PRODUCT,Boissons chaudes,Thé,IN_PROGRESS,Hot drinks,Tea,Hot Drinks
51672725,11107880,2017-07-21 12:21:00,2017-07-21 12:35:01,1,0,0,0,0,0.1,0,PRODUCT,Boissons chaudes,Thé,IN_PROGRESS,Hot drinks,Tea,Hot Drinks
4594386,1097645,2016-04-22 19:31:55,2016-04-22 19:34:58,1,0,0,0,0,0.1,0,PRODUCT,Boissons chaudes,Thé,IN_PROGRESS,Hot drinks,Tea,Hot Drinks
28933859,6180922,2017-03-04 11:30:12,2017-03-04 11:31:39,1,0,0,0,0,0.1,0,PRODUCT,Boissons chaudes,Thé,IN_PROGRESS,Hot drinks,Tea,Hot Drinks
85982493,17247261,2017-12-05 12:04:01,2017-12-05 12:06:17,1,0,0,0,0,0.1,0,PRODUCT,Boissons,Thé,IN_PROGRESS,Drinks,Tea,Wines
10592312,2604510,2016-09-04 19:46:22,2016-09-04 19:49:38,1,0,0,0,0,0.1,0,PRODUCT,Boissons,Thé,IN_PROGRESS,Drinks,Tea,Wines
9748313,2397680,2016-08-18 18:04:58,2016-08-18 18:17:33,1,0,0,0,0,0.1,0,PRODUCT,Boissons chaudes,Thé,IN_PROGRESS,Hot drinks,Tea,Hot Drinks
27281806,5776255,2017-02-16 14:02:37,2017-02-16 14:03:37,1,0,0,0,0,0.1,0,PRODUCT,Boissons chaudes,Thé,IN_PROGRESS,Hot drinks,Tea,Hot Drinks
59302271,12177688,2017-08-19 10:46:51,2017-08-19 10:56:51,1,0,0,0,0,0.1,0,PRODUCT,Boissons chaudes,Thé,IN_PROGRESS,Hot drinks,Tea,Hot Drinks
35581965,7725450,2017-04-24 20:26:33,2017-04-24 20:26:49,1,0,0,0,0,0.1,0,PRODUCT,Boissons chaudes,Thé,IN_PROGRESS,Hot drinks,Tea,Hot Drinks
10578041,2600043,2016-09-04 12:34:16,2016-09-04 12:36:59,1,0,0,0,0,0.1,0,PRODUCT,Boissons chaudes,Thé,IN_PROGRESS,Hot drinks,Tea,Hot Drinks
17163404,3994200,2016-11-24 12:34:48,2016-11-24 12:34:52,1,0,0,0,0,0.1,0,PRODUCT,Boissons,Thé,IN_PROGRESS,Drinks,Tea,Wines
4260142,1012343,2016-04-12 12:52:46,2016-04-12 12:54:28,1,0,0,0,0,0.1,0,PRODUCT,Boissons,Thé,IN_PROGRESS,Drinks,Tea,Wines
79803106,15922852,2017-11-08 13:39:42,2017-11-08 13:44:02,1,0,0,0,0,0.1,0,PRODUCT,Boissons chaudes,Thé,IN_PROGRESS,Hot drinks,Tea,Hot Drinks
20835394,4748105,2016-12-31 22:11:33,2016-12-31 22:22:59,1,0,0,0,0,0.1,0,PRODUCT,Boissons,Thé,IN_PROGRESS,Drinks,Tea,Wines
57858128,11936807,2017-08-11 18:00:54,2017-08-11 18:06:23,1,0,0,0,0,0.1,0,PRODUCT,Boissons chaudes,Thé,IN_PROGRESS,Hot drinks,Tea,Hot Drinks
14786188,3450450,2016-10-24 19:33:24,2016-10-24 19:33:27,1,0,0,0,0,0.1,0,PRODUCT,Boissons,Thé,IN_PROGRESS,Drinks,Tea,Wines
27500379,5829944,2017-02-18 12:35:52,2017-02-18 12:45:13,1,0,0,0,0,0.1,0,PRODUCT,Boissons chaudes,Thé,IN_PROGRESS,Hot drinks,Tea,Hot Drinks
15929209,3708564,2016-11-08 12:02:47,2016-11-08 12:14:09,1,0,0,0,0,0.1,0,PRODUCT,Boissons,Thé,IN_PROGRESS,Drinks,Tea,Wines
11600274,2850925,2016-09-20 17:49:01,2016-09-20 17:53:57,1,0,0,0,0,0.1,0,PRODUCT,Boissons,Thé,IN_PROGRESS,Drinks,Tea,Wines
76625400,15372598,2017-10-27 19:28:20,2017-10-27 19:28:33,1,0,0,0,0,0.1,0,PRODUCT,Boissons chaudes,Thé,IN_PROGRESS,Hot drinks,Tea,Hot Drinks
5181754,1247367,2016-05-12 12:20:44,2016-05-12 12:22:45,1,0,0,0,0,0.1,0,PRODUCT,Boissons,Thé,IN_PROGRESS,Drinks,Tea,Wines
20772812,4733161,2016-12-30 19:18:14,2016-12-30 19:18:38,1,0,0,0,0,0.1,0,PRODUCT,Boissons,Thé,IN_PROGRESS,Drinks,Tea,Wines
12192353,2982975,2016-09-28 17:57:04,2016-09-28 17:57:09,1,0,0,0,0,0.1,0,PRODUCT,Boissons,Thé,IN_PROGRESS,Drinks,Tea,Wines
29075399,6210788,2017-03-05 12:55:43,2017-03-05 13:00:15,1,0,0,0,0,0.1,0,PRODUCT,Boissons chaudes,Thé,IN_PROGRESS,Hot drinks,Tea,Hot Drinks
67216690,13288296,2017-09-14 12:17:39,2017-09-14 12:17:45,1,0,0,0,0,0.1,0,PRODUCT,Boissons chaudes,Thé,IN_PROGRESS,Hot drinks,Tea,Hot Drinks
79450778,15839629,2017-11-06 19:01:57,2017-11-06 19:09:42,1,0,0,0,0,0.1,0,PRODUCT,Boissons chaudes,Thé,IN_PROGRESS,Hot drinks,Tea,Hot Drinks
78938526,15736178,2017-11-04 12:57:02,2017-11-04 12:57:06,1,0,0,0,0,0.1,0,PRODUCT,Boissons chaudes,Thé,IN_PROGRESS,Hot drinks,Tea,Hot Drinks
73209982,14716271,2017-10-14 13:04:25,2017-10-14 13:25:40,1,0,0,0,0,0.1,0,PRODUCT,Boissons,Thé,IN_PROGRESS,Drinks,Tea,Wines
22584268,4883737,2017-01-08 13:55:48,2017-01-08 13:57:35,1,0,0,0,0,0.1,0,PRODUCT,Boissons,Thé,IN_PROGRESS,Drinks,Tea,Wines
43554058,9728615,2017-06-18 19:17:22,2017-06-18 19:19:15,1,0,0,0,0,0.1,0,PRODUCT,Boissons chaudes,Thé,IN_PROGRESS,Hot drinks,Tea,Hot Drinks
25439639,5358143,2017-01-29 20:54:31,2017-01-29 20:55:10,1,0,0,0,0,0.1,0,PRODUCT,Boissons chaudes,Thé,IN_PROGRESS,Hot drinks,Tea,Hot Drinks
26363011,5586387,2017-02-08 20:16:22,2017-02-08 20:16:36,1,0,0,0,0,0.1,0,PRODUCT,Boissons chaudes,Thé,IN_PROGRESS,Hot drinks,Tea,Hot Drinks
26078807,5511893,2017-02-05 13:47:09,2017-02-05 13:53:39,1,0,0,0,0,0.1,0,PRODUCT,Boissons,Thé,IN_PROGRESS,Drinks,Tea,Wines
6560844,1574050,2016-06-15 10:18:29,2016-06-15 10:18:37,1,0,0,0,0,0.1,0,PRODUCT,Boissons,Thé,IN_PROGRESS,Drinks,Tea,Wines
35437566,7689193,2017-04-23 10:49:23,2017-04-23 10:49:30,1,0,0,0,0,0.1,0,PRODUCT,Boissons chaudes,Thé,IN_PROGRESS,Hot drinks,Tea,Hot Drinks
307979721,72446057,2019-05-14 13:33:42,2019-05-14 13:33:42,1,0,0,0,0,0.0,0,OPTION,GOUT GLACE,cafe,IN_PROGRESS,ICE TASTE,coffee,Beers
300514860,70608032,2019-05-01 13:49:04,2019-05-01 13:49:04,1,0,0,0,0,0.0,0,OPTION,GOUT GLACE,coco,IN_PROGRESS,ICE TASTE,coconut,Beers
310426891,73068706,2019-05-18 10:44:56,2019-05-18 10:44:56,1,0,0,0,0,0.0,0,OPTION,GOUT GLACE,coco,IN_PROGRESS,ICE TASTE,coconut,Beers
120575292,25432301,2018-04-07 13:45:06,2018-04-07 13:45:23,1,0,0,0,0,0.1,0,PRODUCT,Brunch,Œuf,IN_PROGRESS,Brunch,Egg,Main Dishes
113175615,23654431,2018-03-17 12:00:38,2018-03-17 12:00:47,1,0,0,0,0,0.1,0,PRODUCT,Brunch,Œuf,IN_PROGRESS,Brunch,Egg,Main Dishes
152553142,33623824,2018-06-30 12:03:25,2018-06-30 12:07:23,1,0,0,0,0,0.1,0,PRODUCT,Brunch,Œuf,IN_PROGRESS,Brunch,Egg,Main Dishes
102446964,21057603,2018-02-10 13:22:56,2018-02-10 13:24:21,1,0,0,0,0,0.1,0,PRODUCT,Brunch,Œuf,IN_PROGRESS,Brunch,Egg,Main Dishes
138173504,29912919,2018-05-26 11:48:11,2018-05-26 12:11:34,1,0,0,0,0,0.1,0,PRODUCT,Brunch,Œuf,IN_PROGRESS,Brunch,Egg,Main Dishes
128394708,27395160,2018-04-28 11:50:06,2018-04-28 11:50:43,1,0,0,0,0,0.1,0,PRODUCT,Brunch,Œuf,IN_PROGRESS,Brunch,Egg,Main Dishes
108859371,22547073,2018-03-03 13:45:54,2018-03-03 13:51:37,1,0,0,0,0,0.1,0,PRODUCT,Brunch,Œuf,IN_PROGRESS,Brunch,Egg,Main Dishes
80640037,16083173,2017-11-11 13:26:23,2017-11-11 13:26:33,1,0,0,0,0,0.1,0,PRODUCT,Brunch,Œuf,WAITING,Brunch,Egg,Main Dishes
115587076,24223644,2018-03-24 12:30:13,2018-03-24 12:32:43,1,0,0,0,0,0.1,0,PRODUCT,Brunch,Œuf,IN_PROGRESS,Brunch,Egg,Main Dishes
80624354,16080253,2017-11-11 12:32:35,2017-11-11 12:40:06,1,0,0,0,0,0.1,0,PRODUCT,Brunch,Œuf,WAITING_SENT,Brunch,Egg,Main Dishes
138211731,29921582,2018-05-26 13:26:14,2018-05-26 13:26:39,1,0,0,0,0,0.1,0,PRODUCT,Brunch,Œuf,WAITING,Brunch,Egg,Main Dishes
133278315,28621221,2018-05-12 12:41:24,2018-05-12 12:41:27,1,0,0,0,0,0.1,0,PRODUCT,Brunch,Œuf,WAITING,Brunch,Egg,Main Dishes
152487612,33610242,2018-06-30 10:37:41,2018-06-30 10:44:29,1,0,0,0,0,0.1,0,PRODUCT,Brunch,Œuf,IN_PROGRESS,Brunch,Egg,Main Dishes
104844093,21578489,2018-02-17 13:45:39,2018-02-17 13:53:54,1,0,0,0,0,0.1,0,PRODUCT,Brunch,Œuf,IN_PROGRESS,Brunch,Egg,Main Dishes
128427794,27395778,2018-04-28 12:43:59,2018-04-28 12:44:48,1,0,0,0,0,0.1,0,PRODUCT,Brunch,Œuf,IN_PROGRESS,Brunch,Egg,Main Dishes
102513375,21075501,2018-02-10 16:40:40,2018-02-10 16:40:44,1,0,0,0,0,0.1,0,PRODUCT,Brunch,Œuf,WAITING,Brunch,Egg,Main Dishes
123223346,26079019,2018-04-14 13:02:03,2018-04-14 13:02:08,1,0,0,0,0,0.1,0,PRODUCT,Brunch,Œuf,IN_PROGRESS,Brunch,Egg,Main Dishes
108789886,22533368,2018-03-03 11:34:07,2018-03-03 11:43:47,1,0,0,0,0,0.1,0,PRODUCT,Brunch,Œuf,IN_PROGRESS,Brunch,Egg,Main Dishes
113192280,23657715,2018-03-17 12:11:25,2018-03-17 12:27:15,1,0,0,0,0,0.1,0,PRODUCT,Brunch,Œuf,IN_PROGRESS,Brunch,Egg,Main Dishes
98416808,20118420,2018-01-27 11:11:23,2018-01-27 11:23:14,1,0,0,0,0,0.1,0,PRODUCT,Brunch,Œuf,IN_PROGRESS,Brunch,Egg,Main Dishes
104853565,21580754,2018-02-17 14:13:16,2018-02-17 14:21:40,1,0,0,0,0,0.1,0,PRODUCT,Brunch,Œuf,IN_PROGRESS,Brunch,Egg,Main Dishes
133246270,28614708,2018-05-12 11:38:02,2018-05-12 11:45:55,1,0,0,0,0,0.1,0,PRODUCT,Brunch,Œuf,IN_PROGRESS,Brunch,Egg,Main Dishes
80615897,16076249,2017-11-11 12:17:25,2017-11-11 12:17:55,1,0,0,0,0,0.1,0,PRODUCT,Brunch,Œuf,WAITING,Brunch,Egg,Main Dishes
131784920,28247631,2018-05-08 11:51:05,2018-05-08 11:51:13,1,0,0,0,0,0.1,0,PRODUCT,Brunch,Œuf,IN_PROGRESS,Brunch,Egg,Main Dishes
128355220,27387504,2018-04-28 10:48:11,2018-04-28 10:55:42,1,0,0,0,0,0.1,0,PRODUCT,Brunch,Œuf,IN_PROGRESS,Brunch,Egg,Main Dishes
83870398,16766979,2017-11-25 11:35:10,2017-11-25 11:41:53,1,0,0,0,0,0.1,0,PRODUCT,Brunch,Œuf,IN_PROGRESS,Brunch,Egg,Main Dishes
80624338,16080253,2017-11-11 12:32:35,2017-11-11 12:40:06,1,0,0,0,0,0.1,0,PRODUCT,Brunch,Œuf,WAITING_SENT,Brunch,Egg,Main Dishes
132443492,28413578,2018-05-10 11:20:28,2018-05-10 11:35:07,1,0,0,0,0,0.1,0,PRODUCT,Brunch,Œuf,IN_PROGRESS,Brunch,Egg,Main Dishes
142646726,31071904,2018-06-07 10:52:33,2018-06-07 10:53:01,1,0,0,0,0,0.1,0,PRODUCT,BOISSONS FRAICHES,BOOST,IN_PROGRESS,COLD DRINKS,BOOST,Soft Drinks
97199812,19822855,2018-01-23 11:10:12,2018-01-23 11:12:37,1,0,0,0,0,0.1,0,PRODUCT,BOISSONS FRAICHES,BOOST,IN_PROGRESS,COLD DRINKS,BOOST,Soft Drinks
110540096,22975984,2018-03-09 11:30:28,2018-03-09 11:33:21,1,0,0,0,0,0.1,0,PRODUCT,BOISSONS FRAICHES,BOOST,IN_PROGRESS,COLD DRINKS,BOOST,Soft Drinks
29025384,6200129,2017-03-04 20:49:38,2017-03-04 20:49:38,1,0,0,0,0,0.2,0,OPTION,Martini 15 cl,Blanc,WAITING,Martini 15 cl,White,Other Alcholic Drinks
19505222,4457972,2016-12-15 19:02:15,2016-12-15 19:02:15,1,0,0,0,0,0.2,0,OPTION,Martini 15 cl,Blanc,WAITING,Martini 15 cl,White,Other Alcholic Drinks
32522109,7055758,2017-04-02 18:49:24,2017-04-02 18:49:24,1,0,0,0,0,0.2,0,OPTION,Martini 15 cl,Blanc,WAITING,Martini 15 cl,White,Other Alcholic Drinks
12281027,3004479,2016-09-29 19:42:02,2016-09-29 19:42:02,1,0,0,0,0,0.2,0,OPTION,Martini 15 cl,Blanc,WAITING,Martini 15 cl,White,Other Alcholic Drinks
236693079,54597649,2019-01-04 12:31:09,2019-01-04 12:32:09,1,0,0,0,0,0.055,0,PRODUCT,FOCACCIA A EMPORTER,CAPRI,IN_PROGRESS,FOCACCIA TO TAKE AWAY,CAPRI,Cheeses
292095753,68568412,2019-04-17 11:30:55,2019-04-17 11:30:58,1,0,0,0,0,0.055,0,PRODUCT,FOCACCIA A EMPORTER,CAPRI,IN_PROGRESS,FOCACCIA TO TAKE AWAY,CAPRI,Cheeses
194541780,43844972,2018-10-02 16:19:14,2018-10-02 16:19:29,1,0,0,0,0,0.055,0,PRODUCT,FOCACCIA A EMPORTER,CAPRI,IN_PROGRESS,FOCACCIA TO TAKE AWAY,CAPRI,Cheeses
195795850,44183416,2018-10-05 10:47:33,2018-10-05 10:56:28,1,0,0,0,0,0.055,0,PRODUCT,FOCACCIA A EMPORTER,CAPRI,IN_PROGRESS,FOCACCIA TO TAKE AWAY,CAPRI,Cheeses
181131336,40467802,2018-09-04 16:24:37,2018-09-04 16:25:06,1,0,0,0,0,0.055,0,PRODUCT,FOCACCIA A EMPORTER,CAPRI,IN_PROGRESS,FOCACCIA TO TAKE AWAY,CAPRI,Cheeses
239764799,55396675,2019-01-11 12:47:45,2019-01-11 12:48:09,1,0,0,0,0,0.055,0,PRODUCT,FOCACCIA A EMPORTER,CAPRI,IN_PROGRESS,FOCACCIA TO TAKE AWAY,CAPRI,Cheeses
194541805,43844972,2018-10-02 16:19:08,2018-10-02 16:19:30,1,0,0,0,0,0.055,0,PRODUCT,FOCACCIA A EMPORTER,CAPRI,IN_PROGRESS,FOCACCIA TO TAKE AWAY,CAPRI,Cheeses
515540184,113877040,2020-01-20 11:57:58,2020-01-20 12:49:55,1,0,0,0,0,0.1,0,PRODUCT,BOISSONS FRAICHES,CIDRE,DONE,COLD DRINKS,CIDER,Soft Drinks
510637015,113158873,2020-01-16 12:07:07,2020-01-16 12:56:22,1,0,0,0,0,0.1,0,PRODUCT,BOISSONS FRAICHES,CIDRE,DONE,COLD DRINKS,CIDER,Soft Drinks
466096905,106755405,2019-12-05 12:27:20,2019-12-05 13:11:47,1,0,0,0,0,0.1,0,PRODUCT,BOISSONS FRAICHES,CIDRE,DONE,COLD DRINKS,CIDER,Soft Drinks
442472569,102984927,2019-11-13 11:50:13,2019-11-13 12:45:12,1,0,0,0,0,0.1,0,PRODUCT,BOISSONS FRAICHES,CIDRE,DONE,COLD DRINKS,CIDER,Soft Drinks
536287291,117710957,2020-02-11 11:28:31,2020-02-11 11:28:46,1,0,0,0,0,0.1,0,PRODUCT,BOISSONS FRAICHES,CIDRE,DONE,COLD DRINKS,CIDER,Soft Drinks
501901713,111794022,2020-01-08 11:43:35,2020-01-08 12:15:03,1,0,0,0,0,0.1,0,PRODUCT,BOISSONS FRAICHES,CIDRE,DONE,COLD DRINKS,CIDER,Soft Drinks
413800050,97330466,2019-10-11 10:00:02,2019-10-11 10:00:27,1,0,0,0,0,0.1,0,PRODUCT,BOISSONS FRAICHES,CIDRE,DONE,COLD DRINKS,CIDER,Soft Drinks
480483233,108938357,2019-12-18 12:04:20,2019-12-18 12:35:40,1,0,0,0,0,0.1,0,PRODUCT,BOISSONS FRAICHES,CIDRE,DONE,COLD DRINKS,CIDER,Soft Drinks
541772022,118867548,2020-02-17 11:44:22,2020-02-17 11:44:41,1,0,0,0,0,0.1,0,PRODUCT,BOISSONS FRAICHES,CIDRE,DONE,COLD DRINKS,CIDER,Soft Drinks
519586465,114528988,2020-01-24 11:30:14,2020-01-24 12:30:17,1,0,0,0,0,0.1,0,PRODUCT,BOISSONS FRAICHES,CIDRE,DONE,COLD DRINKS,CIDER,Soft Drinks
360895926,85154911,2019-07-30 10:46:30,2019-07-30 12:29:41,1,0,0,0,0,0.1,0,PRODUCT,BOISSONS FRAICHES,CIDRE,DONE,COLD DRINKS,CIDER,Soft Drinks
509512070,112977360,2020-01-15 11:55:40,2020-01-15 12:49:04,1,0,0,0,0,0.1,0,PRODUCT,BOISSONS FRAICHES,CIDRE,DONE,COLD DRINKS,CIDER,Soft Drinks
435362429,101828724,2019-11-06 12:09:09,2019-11-06 12:46:22,1,0,0,0,0,0.1,0,PRODUCT,BOISSONS FRAICHES,CIDRE,DONE,COLD DRINKS,CIDER,Soft Drinks
424405134,99816660,2019-10-25 10:38:08,2019-10-25 11:32:34,1,0,0,0,0,0.1,0,PRODUCT,BOISSONS FRAICHES,CIDRE,DONE,COLD DRINKS,CIDER,Soft Drinks
433676759,101512216,2019-11-04 12:01:01,2019-11-04 12:50:48,1,0,0,0,0,0.1,0,PRODUCT,BOISSONS FRAICHES,CIDRE,DONE,COLD DRINKS,CIDER,Soft Drinks
436415451,102029591,2019-11-07 12:50:51,2019-11-07 13:14:52,1,0,0,0,0,0.1,0,PRODUCT,BOISSONS FRAICHES,CIDRE,DONE,COLD DRINKS,CIDER,Soft Drinks
465038827,106576402,2019-12-04 11:58:28,2019-12-04 12:53:25,1,0,0,0,0,0.1,0,PRODUCT,BOISSONS FRAICHES,CIDRE,DONE,COLD DRINKS,CIDER,Soft Drinks
535684937,117557618,2020-02-10 11:07:06,2020-02-10 11:07:27,1,0,0,0,0,0.1,0,PRODUCT,BOISSONS FRAICHES,CIDRE,DONE,COLD DRINKS,CIDER,Soft Drinks
449630853,104174582,2019-11-20 12:28:23,2019-11-20 13:09:07,1,0,0,0,0,0.1,0,PRODUCT,BOISSONS FRAICHES,CIDRE,DONE,COLD DRINKS,CIDER,Soft Drinks
428344472,100667397,2019-10-30 11:13:18,2019-10-30 12:54:25,1,0,0,0,0,0.1,0,PRODUCT,BOISSONS FRAICHES,CIDRE,DONE,COLD DRINKS,CIDER,Soft Drinks
361564425,85322417,2019-07-31 10:42:21,2019-07-31 11:51:50,1,0,0,0,0,0.1,0,PRODUCT,BOISSONS FRAICHES,CIDRE,DONE,COLD DRINKS,CIDER,Soft Drinks
538040959,118101052,2020-02-13 12:21:11,2020-02-13 12:21:24,1,0,0,0,0,0.1,0,PRODUCT,BOISSONS FRAICHES,CIDRE,DONE,COLD DRINKS,CIDER,Soft Drinks
502105611,111831741,2020-01-08 13:34:03,2020-01-08 14:10:10,1,0,0,0,0,0.1,0,PRODUCT,BOISSONS FRAICHES,CIDRE,DONE,COLD DRINKS,CIDER,Soft Drinks
459307505,105731046,2019-11-29 12:10:24,2019-11-29 13:03:53,1,0,0,0,0,0.1,0,PRODUCT,BOISSONS FRAICHES,CIDRE,DONE,COLD DRINKS,CIDER,Soft Drinks
456968537,105343164,2019-11-27 11:46:56,2019-11-27 12:50:28,1,0,0,0,0,0.1,0,PRODUCT,BOISSONS FRAICHES,CIDRE,DONE,COLD DRINKS,CIDER,Soft Drinks
434375158,101653014,2019-11-05 12:01:39,2019-11-05 12:27:52,1,0,0,0,0,0.1,0,PRODUCT,BOISSONS FRAICHES,CIDRE,DONE,COLD DRINKS,CIDER,Soft Drinks
482986775,109307368,2019-12-20 11:45:22,2019-12-20 12:38:23,1,0,0,0,0,0.1,0,PRODUCT,BOISSONS FRAICHES,CIDRE,DONE,COLD DRINKS,CIDER,Soft Drinks
361524049,85341017,2019-07-31 11:26:36,2019-07-31 11:27:15,1,0,0,0,0,0.1,0,PRODUCT,BOISSONS FRAICHES,CIDRE,DONE,COLD DRINKS,CIDER,Soft Drinks
361508440,85336591,2019-07-31 11:15:49,2019-07-31 11:18:22,1,0,0,0,0,0.1,0,PRODUCT,BOISSONS FRAICHES,CIDRE,DONE,COLD DRINKS,CIDER,Soft Drinks
544934493,119576800,2020-02-21 11:43:27,2020-02-21 11:43:52,1,0,0,0,0,0.1,0,PRODUCT,BOISSONS FRAICHES,CIDRE,DONE,COLD DRINKS,CIDER,Soft Drinks
407204667,95725590,2019-10-02 11:48:28,2019-10-02 12:17:13,1,0,0,0,0,0.1,0,PRODUCT,BOISSONS FRAICHES,CIDRE,DONE,COLD DRINKS,CIDER,Soft Drinks
531381773,116639202,2020-02-05 12:10:38,2020-02-05 12:11:37,1,0,0,0,0,0.1,0,PRODUCT,BOISSONS FRAICHES,CIDRE,DONE,COLD DRINKS,CIDER,Soft Drinks
515630125,113896210,2020-01-20 12:53:25,2020-01-20 13:56:08,1,0,0,0,0,0.1,0,PRODUCT,BOISSONS FRAICHES,CIDRE,DONE,COLD DRINKS,CIDER,Soft Drinks
144997384,31686314,2018-06-13 11:16:52,2018-06-13 11:19:31,1,0,0,0,0,0.1,0,PRODUCT,FOCACCIA SUR PLACE,Capri,IN_PROGRESS,FOCACCIA SUR PLACE,capri,Cheeses
163380223,36326603,2018-07-24 11:51:22,2018-07-24 11:52:09,1,0,0,0,0,0.055,0,PRODUCT,FOCACCIA A EMPORTER,Capri,IN_PROGRESS,FOCACCIA TO TAKE AWAY,capri,Cheeses
144993214,31685296,2018-06-13 11:15:47,2018-06-13 11:16:10,1,0,0,0,0,0.055,0,PRODUCT,FOCACCIA A EMPORTER,Capri,IN_PROGRESS,FOCACCIA TO TAKE AWAY,capri,Cheeses
144675851,31597955,2018-06-12 12:20:06,2018-06-12 12:20:32,1,0,0,0,0,0.1,0,PRODUCT,FOCACCIA SUR PLACE,Capri,IN_PROGRESS,FOCACCIA SUR PLACE,capri,Cheeses
156451747,34609484,2018-07-09 10:27:10,2018-07-09 10:27:42,1,0,0,0,0,0.055,0,PRODUCT,FOCACCIA A EMPORTER,Capri,IN_PROGRESS,FOCACCIA TO TAKE AWAY,capri,Cheeses
148869184,32693654,2018-06-22 10:29:57,2018-06-22 10:30:50,1,0,0,0,0,0.055,0,PRODUCT,FOCACCIA A EMPORTER,Capri,IN_PROGRESS,FOCACCIA TO TAKE AWAY,capri,Cheeses
144675602,31597891,2018-06-12 12:19:19,2018-06-12 12:19:56,1,0,0,0,0,0.1,0,PRODUCT,FOCACCIA SUR PLACE,Capri,IN_PROGRESS,FOCACCIA SUR PLACE,capri,Cheeses
157322047,34838602,2018-07-11 10:44:07,2018-07-11 10:44:44,1,0,0,0,0,0.055,0,PRODUCT,FOCACCIA A EMPORTER,Capri,IN_PROGRESS,FOCACCIA TO TAKE AWAY,capri,Cheeses
147502563,32335323,2018-06-19 11:12:03,2018-06-19 11:12:31,1,0,0,0,0,0.055,0,PRODUCT,FOCACCIA A EMPORTER,Capri,IN_PROGRESS,FOCACCIA TO TAKE AWAY,capri,Cheeses
163346991,36319704,2018-07-24 11:20:01,2018-07-24 11:20:11,1,0,0,0,0,0.055,0,PRODUCT,FOCACCIA A EMPORTER,Capri,IN_PROGRESS,FOCACCIA TO TAKE AWAY,capri,Cheeses
145001120,31687167,2018-06-13 11:21:25,2018-06-13 11:22:28,1,0,0,0,0,0.055,0,PRODUCT,FOCACCIA A EMPORTER,Capri,IN_PROGRESS,FOCACCIA TO TAKE AWAY,capri,Cheeses
151445038,33350216,2018-06-28 10:43:29,2018-06-28 10:43:54,1,0,0,0,0,0.055,0,PRODUCT,FOCACCIA A EMPORTER,Capri,IN_PROGRESS,FOCACCIA TO TAKE AWAY,capri,Cheeses
169819859,37856174,2018-08-08 11:06:35,2018-08-08 11:06:58,1,0,0,0,0,0.055,0,PRODUCT,FOCACCIA A EMPORTER,Capri,IN_PROGRESS,FOCACCIA TO TAKE AWAY,capri,Cheeses
145868557,31920167,2018-06-15 11:29:57,2018-06-15 11:30:13,1,0,0,0,0,0.055,0,PRODUCT,FOCACCIA A EMPORTER,Capri,IN_PROGRESS,FOCACCIA TO TAKE AWAY,capri,Cheeses
169465324,37770934,2018-08-07 11:25:22,2018-08-07 11:26:06,1,0,0,0,0,0.055,0,PRODUCT,FOCACCIA A EMPORTER,Capri,IN_PROGRESS,FOCACCIA TO TAKE AWAY,capri,Cheeses
166086871,36972352,2018-07-30 10:57:05,2018-07-30 10:58:11,1,0,0,0,0,0.055,0,PRODUCT,FOCACCIA A EMPORTER,Capri,IN_PROGRESS,FOCACCIA TO TAKE AWAY,capri,Cheeses
159739502,35438305,2018-07-16 10:59:16,2018-07-16 10:59:22,1,0,0,0,0,0.055,0,PRODUCT,FOCACCIA A EMPORTER,Capri,IN_PROGRESS,FOCACCIA TO TAKE AWAY,capri,Cheeses
150979477,33227788,2018-06-27 10:47:33,2018-06-27 10:48:30,1,0,0,0,0,0.055,0,PRODUCT,FOCACCIA A EMPORTER,Capri,IN_PROGRESS,FOCACCIA TO TAKE AWAY,capri,Cheeses
235512302,54294577,2018-12-31 20:44:44,2018-12-31 20:44:49,1,0,0,0,0,0.2,0,PRODUCT,Champagne,Coupe,WAITING_SENT,Champagne,Cut,Other Alcholic Drinks
235512321,54294577,2018-12-31 20:44:44,2018-12-31 20:44:50,1,0,0,0,0,0.2,0,PRODUCT,Champagne,Coupe,WAITING_SENT,Champagne,Cut,Other Alcholic Drinks
235504574,54293481,2018-12-31 20:14:04,2018-12-31 20:14:12,1,0,0,0,0,0.2,0,PRODUCT,Champagne,Coupe,WAITING_SENT,Champagne,Cut,Other Alcholic Drinks
224851748,51640831,2018-12-07 12:05:33,2018-12-07 12:06:25,1,0,0,0,0,0.1,0,PRODUCT,WRAP DE SARRASIN,DINAN,IN_PROGRESS,BUCKWHEAT WRAP,DINAN,Appetizers
97264396,19839088,2018-01-23 12:29:07,2018-01-23 12:29:50,1,0,0,0,0,0.1,0,PRODUCT,BREIZH'N'ROLL,DINAN,IN_PROGRESS,BREIZH&#39;N&#39;ROLL,DINAN,Desserts
322968459,76164937,2019-06-07 11:06:06,2019-06-07 11:06:17,1,0,0,0,0,0.1,0,PRODUCT,WRAP DE SARRASIN,DINAN,IN_PROGRESS,BUCKWHEAT WRAP,DINAN,Appetizers
220441487,50506345,2018-11-28 11:42:02,2018-11-28 11:46:25,1,0,0,0,0,0.1,0,PRODUCT,WRAP DE SARRASIN,DINAN,IN_PROGRESS,BUCKWHEAT WRAP,DINAN,Appetizers
384491039,90680463,2019-09-04 11:35:11,2019-09-04 11:37:00,1,0,0,0,0,0.1,0,PRODUCT,WRAP DE SARRASIN,DINAN,DONE,BUCKWHEAT WRAP,DINAN,Appetizers
334926319,79060775,2019-06-24 12:55:40,2019-06-24 12:56:28,1,0,0,0,0,0.1,0,PRODUCT,WRAP DE SARRASIN,DINAN,WAITING,BUCKWHEAT WRAP,DINAN,Appetizers
197327325,44559161,2018-10-08 11:06:26,2018-10-08 11:09:16,1,0,0,0,0,0.1,0,PRODUCT,WRAP DE SARRASIN,DINAN,IN_PROGRESS,BUCKWHEAT WRAP,DINAN,Appetizers
270784503,63237642,2019-03-12 12:05:05,2019-03-12 12:05:44,1,0,0,0,0,0.1,0,PRODUCT,WRAP DE SARRASIN,DINAN,IN_PROGRESS,BUCKWHEAT WRAP,DINAN,Appetizers
308522146,72588836,2019-05-15 12:27:38,2019-05-15 12:27:45,1,0,0,0,0,0.1,0,PRODUCT,WRAP DE SARRASIN,DINAN,IN_PROGRESS,BUCKWHEAT WRAP,DINAN,Appetizers
525426563,115392013,2020-01-29 12:17:58,2020-01-29 13:00:49,1,0,0,0,0,0.1,0,PRODUCT,WRAP DE SARRASIN,DINAN,DONE,BUCKWHEAT WRAP,DINAN,Appetizers
340997130,80543382,2019-07-03 11:24:10,2019-07-03 11:27:06,1,0,0,0,0,0.1,0,PRODUCT,WRAP DE SARRASIN,DINAN,IN_PROGRESS,BUCKWHEAT WRAP,DINAN,Appetizers
457970925,105537068,2019-11-28 12:17:15,2019-11-28 12:19:21,1,0,0,0,0,0.1,0,PRODUCT,WRAP DE SARRASIN,DINAN,DONE,BUCKWHEAT WRAP,DINAN,Appetizers
249251506,57821098,2019-01-31 12:50:56,2019-01-31 12:51:01,1,0,0,0,0,0.1,0,PRODUCT,WRAP DE SARRASIN,DINAN,WAITING,BUCKWHEAT WRAP,DINAN,Appetizers
242593088,56119418,2019-01-17 13:12:24,2019-01-17 13:12:50,1,0,0,0,0,0.1,0,PRODUCT,WRAP DE SARRASIN,DINAN,IN_PROGRESS,BUCKWHEAT WRAP,DINAN,Appetizers
137247605,29672994,2018-05-24 10:52:34,2018-05-24 10:52:54,1,0,0,0,0,0.1,0,PRODUCT,BREIZH'N'ROLL,DINAN,IN_PROGRESS,BREIZH&#39;N&#39;ROLL,DINAN,Desserts
135246289,29150164,2018-05-18 11:26:24,2018-05-18 11:26:37,1,0,0,0,0,0.1,0,PRODUCT,BREIZH'N'ROLL,DINAN,WAITING,BREIZH&#39;N&#39;ROLL,DINAN,Desserts
194343847,43792757,2018-10-02 10:26:01,2018-10-02 10:34:20,1,0,0,0,0,0.1,0,PRODUCT,WRAP DE SARRASIN,DINAN,IN_PROGRESS,BUCKWHEAT WRAP,DINAN,Appetizers
332435983,78475981,2019-06-21 10:16:29,2019-06-21 10:16:42,1,0,0,0,0,0.1,0,PRODUCT,WRAP DE SARRASIN,DINAN,IN_PROGRESS,BUCKWHEAT WRAP,DINAN,Appetizers
185902763,41642073,2018-09-14 10:24:54,2018-09-14 10:25:58,1,0,0,0,0,0.1,0,PRODUCT,WRAP DE SARRASIN,DINAN,IN_PROGRESS,BUCKWHEAT WRAP,DINAN,Appetizers
311683727,73360984,2019-05-20 11:47:33,2019-05-20 11:47:38,1,0,0,0,0,0.1,0,PRODUCT,WRAP DE SARRASIN,DINAN,IN_PROGRESS,BUCKWHEAT WRAP,DINAN,Appetizers
326200704,76934872,2019-06-12 11:23:02,2019-06-12 11:26:13,1,0,0,0,0,0.1,0,PRODUCT,WRAP DE SARRASIN,DINAN,IN_PROGRESS,BUCKWHEAT WRAP,DINAN,Appetizers
473623501,107901812,2019-12-12 12:04:26,2019-12-12 12:45:09,1,0,0,0,0,0.1,0,PRODUCT,WRAP DE SARRASIN,DINAN,DONE,BUCKWHEAT WRAP,DINAN,Appetizers
229688242,52851028,2018-12-17 12:44:39,2018-12-17 12:46:25,1,0,0,0,0,0.1,0,PRODUCT,WRAP DE SARRASIN,DINAN,IN_PROGRESS,BUCKWHEAT WRAP,DINAN,Appetizers
279294410,65393773,2019-03-27 13:18:57,2019-03-27 13:19:53,1,0,0,0,0,0.1,0,PRODUCT,WRAP DE SARRASIN,DINAN,WAITING,BUCKWHEAT WRAP,DINAN,Appetizers
259811544,60488653,2019-02-20 12:01:00,2019-02-20 12:01:32,1,0,0,0,0,0.1,0,PRODUCT,WRAP DE SARRASIN,DINAN,IN_PROGRESS,BUCKWHEAT WRAP,DINAN,Appetizers
167428690,37296235,2018-08-02 11:56:05,2018-08-02 11:56:43,1,0,0,0,0,0.1,0,PRODUCT,WRAP DE SARRASIN,DINAN,WAITING,BUCKWHEAT WRAP,DINAN,Appetizers
335434851,79195481,2019-06-25 11:52:29,2019-06-25 11:53:05,1,0,0,0,0,0.1,0,PRODUCT,WRAP DE SARRASIN,DINAN,IN_PROGRESS,BUCKWHEAT WRAP,DINAN,Appetizers
107858106,22310340,2018-02-28 12:23:47,2018-02-28 12:24:05,1,0,0,0,0,0.1,0,PRODUCT,BREIZH'N'ROLL,DINAN,IN_PROGRESS,BREIZH&#39;N&#39;ROLL,DINAN,Desserts
401265266,94297499,2019-09-24 11:28:15,2019-09-24 11:29:21,1,0,0,0,0,0.1,0,PRODUCT,WRAP DE SARRASIN,DINAN,DONE,BUCKWHEAT WRAP,DINAN,Appetizers
109544886,22724910,2018-03-06 11:41:52,2018-03-06 11:42:48,1,0,0,0,0,0.1,0,PRODUCT,BREIZH'N'ROLL,DINAN,IN_PROGRESS,BREIZH&#39;N&#39;ROLL,DINAN,Desserts
195392886,44070359,2018-10-04 12:40:24,2018-10-04 12:40:29,1,0,0,0,0,0.1,0,PRODUCT,WRAP DE SARRASIN,DINAN,WAITING,BUCKWHEAT WRAP,DINAN,Appetizers
137287194,29682558,2018-05-24 11:24:26,2018-05-24 11:25:02,1,0,0,0,0,0.1,0,PRODUCT,BREIZH'N'ROLL,DINAN,IN_PROGRESS,BREIZH&#39;N&#39;ROLL,DINAN,Desserts
336852568,79548360,2019-06-27 12:19:39,2019-06-27 12:20:04,1,0,0,0,0,0.1,0,PRODUCT,WRAP DE SARRASIN,DINAN,IN_PROGRESS,BUCKWHEAT WRAP,DINAN,Appetizers
156896261,34726849,2018-07-10 11:23:15,2018-07-10 11:25:24,1,0,0,0,0,0.1,0,PRODUCT,WRAP DE SARRASIN,DINAN,IN_PROGRESS,BUCKWHEAT WRAP,DINAN,Appetizers
99197966,20304818,2018-01-30 13:35:34,2018-01-30 13:35:43,1,0,0,0,0,0.1,0,PRODUCT,BREIZH'N'ROLL,DINAN,WAITING,BREIZH&#39;N&#39;ROLL,DINAN,Desserts
526408527,115536239,2020-01-30 11:08:36,2020-01-30 12:10:46,1,0,0,0,0,0.1,0,PRODUCT,WRAP DE SARRASIN,DINAN,DONE,BUCKWHEAT WRAP,DINAN,Appetizers
227073760,52200593,2018-12-12 11:29:02,2018-12-12 11:29:49,1,0,0,0,0,0.1,0,PRODUCT,WRAP DE SARRASIN,DINAN,IN_PROGRESS,BUCKWHEAT WRAP,DINAN,Appetizers
419139541,98612921,2019-10-18 10:54:22,2019-10-18 10:56:04,1,0,0,0,0,0.1,0,PRODUCT,WRAP DE SARRASIN,DINAN,DONE,BUCKWHEAT WRAP,DINAN,Appetizers
256446240,59654322,2019-02-14 12:33:09,2019-02-14 12:34:51,1,0,0,0,0,0.1,0,PRODUCT,WRAP DE SARRASIN,DINAN,IN_PROGRESS,BUCKWHEAT WRAP,DINAN,Appetizers
252257427,58584678,2019-02-06 13:30:45,2019-02-06 13:30:54,1,0,0,0,0,0.1,0,PRODUCT,WRAP DE SARRASIN,DINAN,WAITING,BUCKWHEAT WRAP,DINAN,Appetizers
75224451,15180073,2017-10-24 10:27:09,2017-10-24 10:28:31,1,0,0,0,0,0.1,0,PRODUCT,BREIZH'N'ROLL,DINAN,IN_PROGRESS,BREIZH&#39;N&#39;ROLL,DINAN,Desserts
322185847,75967778,2019-06-06 10:39:27,2019-06-06 10:40:19,1,0,0,0,0,0.1,0,PRODUCT,WRAP DE SARRASIN,DINAN,IN_PROGRESS,BUCKWHEAT WRAP,DINAN,Appetizers
483018723,109314995,2019-12-20 12:16:08,2019-12-20 12:48:05,1,0,0,0,0,0.1,0,PRODUCT,WRAP DE SARRASIN,DINAN,DONE,BUCKWHEAT WRAP,DINAN,Appetizers
400584695,94128075,2019-09-23 10:33:22,2019-09-23 10:33:29,1,0,0,0,0,0.1,0,PRODUCT,WRAP DE SARRASIN,DINAN,DONE,BUCKWHEAT WRAP,DINAN,Appetizers
267447701,62401524,2019-03-06 11:47:28,2019-03-06 11:50:23,1,0,0,0,0,0.1,0,PRODUCT,WRAP DE SARRASIN,DINAN,IN_PROGRESS,BUCKWHEAT WRAP,DINAN,Appetizers
541802065,118874664,2020-02-17 12:00:49,2020-02-17 12:01:35,1,0,0,0,0,0.1,0,PRODUCT,WRAP DE SARRASIN,DINAN,DONE,BUCKWHEAT WRAP,DINAN,Appetizers
403296684,94810050,2019-09-27 10:37:46,2019-09-27 10:38:16,1,0,0,0,0,0.1,0,PRODUCT,WRAP DE SARRASIN,DINAN,DONE,BUCKWHEAT WRAP,DINAN,Appetizers
91355819,18450892,2017-12-29 12:42:07,2017-12-29 12:42:17,1,0,0,0,0,0.1,0,PRODUCT,BREIZH'N'ROLL,DINAN,IN_PROGRESS,BREIZH&#39;N&#39;ROLL,DINAN,Desserts
417060226,98067222,2019-10-15 10:57:12,2019-10-15 11:44:41,1,0,0,0,0,0.1,0,PRODUCT,WRAP DE SARRASIN,DINAN,DONE,BUCKWHEAT WRAP,DINAN,Appetizers
360895924,85154911,2019-07-30 10:46:30,2019-07-30 12:29:41,1,0,0,0,0,0.1,0,PRODUCT,WRAP DE SARRASIN,DINAN,DONE,BUCKWHEAT WRAP,DINAN,Appetizers
255358349,59366934,2019-02-12 12:21:55,2019-02-12 12:23:30,1,0,0,0,0,0.1,0,PRODUCT,WRAP DE SARRASIN,DINAN,IN_PROGRESS,BUCKWHEAT WRAP,DINAN,Appetizers
419139546,98612921,2019-10-18 10:54:22,2019-10-18 10:56:04,1,0,0,0,0,0.1,0,PRODUCT,WRAP DE SARRASIN,DINAN,DONE,BUCKWHEAT WRAP,DINAN,Appetizers
332589712,78512697,2019-06-21 11:31:40,2019-06-21 11:32:26,1,0,0,0,0,0.1,0,PRODUCT,WRAP DE SARRASIN,DINAN,IN_PROGRESS,BUCKWHEAT WRAP,DINAN,Appetizers
137699583,29794547,2018-05-25 11:19:35,2018-05-25 11:20:00,1,0,0,0,0,0.1,0,PRODUCT,BREIZH'N'ROLL,DINAN,IN_PROGRESS,BREIZH&#39;N&#39;ROLL,DINAN,Desserts
197668920,44658827,2018-10-09 10:57:56,2018-10-09 10:59:53,1,0,0,0,0,0.1,0,PRODUCT,WRAP DE SARRASIN,DINAN,IN_PROGRESS,BUCKWHEAT WRAP,DINAN,Appetizers
305461846,71832710,2019-05-10 10:34:42,2019-05-10 10:35:19,1,0,0,0,0,0.1,0,PRODUCT,WRAP DE SARRASIN,DINAN,IN_PROGRESS,BUCKWHEAT WRAP,DINAN,Appetizers
421585734,99144080,2019-10-21 11:33:55,2019-10-21 12:06:55,1,0,0,0,0,0.1,0,PRODUCT,WRAP DE SARRASIN,DINAN,DONE,BUCKWHEAT WRAP,DINAN,Appetizers
282406508,66159631,2019-04-01 11:00:43,2019-04-01 11:01:39,1,0,0,0,0,0.1,0,PRODUCT,WRAP DE SARRASIN,DINAN,IN_PROGRESS,BUCKWHEAT WRAP,DINAN,Appetizers
444456043,103344541,2019-11-15 12:01:09,2019-11-15 12:43:06,1,0,0,0,0,0.1,0,PRODUCT,WRAP DE SARRASIN,DINAN,DONE,BUCKWHEAT WRAP,DINAN,Appetizers
542400191,119026264,2020-02-18 12:09:12,2020-02-18 12:09:54,1,0,0,0,0,0.1,0,PRODUCT,WRAP DE SARRASIN,DINAN,DONE,BUCKWHEAT WRAP,DINAN,Appetizers
424464762,99835740,2019-10-25 11:09:05,2019-10-25 12:06:51,1,0,0,0,0,0.1,0,PRODUCT,WRAP DE SARRASIN,DINAN,DONE,BUCKWHEAT WRAP,DINAN,Appetizers
254941156,59252284,2019-02-11 12:08:54,2019-02-11 12:12:14,1,0,0,0,0,0.1,0,PRODUCT,WRAP DE SARRASIN,DINAN,IN_PROGRESS,BUCKWHEAT WRAP,DINAN,Appetizers
87656050,17609717,2017-12-12 11:17:42,2017-12-12 11:18:12,1,0,0,0,0,0.1,0,PRODUCT,BREIZH'N'ROLL,DINAN,IN_PROGRESS,BREIZH&#39;N&#39;ROLL,DINAN,Desserts
245336795,56820399,2019-01-23 11:44:58,2019-01-23 11:45:36,1,0,0,0,0,0.1,0,PRODUCT,WRAP DE SARRASIN,DINAN,IN_PROGRESS,BUCKWHEAT WRAP,DINAN,Appetizers
224267358,51487801,2018-12-06 11:52:26,2018-12-06 11:52:35,1,0,0,0,0,0.1,0,PRODUCT,WRAP DE SARRASIN,DINAN,IN_PROGRESS,BUCKWHEAT WRAP,DINAN,Appetizers
286698193,67224181,2019-04-08 12:19:49,2019-04-08 12:19:58,1,0,0,0,0,0.1,0,PRODUCT,WRAP DE SARRASIN,DINAN,WAITING,BUCKWHEAT WRAP,DINAN,Appetizers
254941164,59252284,2019-02-11 12:09:32,2019-02-11 12:12:14,1,0,0,0,0,0.1,0,PRODUCT,WRAP DE SARRASIN,DINAN,IN_PROGRESS,BUCKWHEAT WRAP,DINAN,Appetizers
535800817,117573816,2020-02-10 11:45:46,2020-02-10 12:12:49,1,0,0,0,0,0.1,0,PRODUCT,WRAP DE SARRASIN,DINAN,DONE,BUCKWHEAT WRAP,DINAN,Appetizers
312108662,73478058,2019-05-21 11:10:04,2019-05-21 11:10:59,1,0,0,0,0,0.1,0,PRODUCT,WRAP DE SARRASIN,DINAN,IN_PROGRESS,BUCKWHEAT WRAP,DINAN,Appetizers
331705139,78295601,2019-06-20 10:31:44,2019-06-20 10:33:31,1,0,0,0,0,0.1,0,PRODUCT,WRAP DE SARRASIN,DINAN,IN_PROGRESS,BUCKWHEAT WRAP,DINAN,Appetizers
218332647,49967133,2018-11-23 12:08:15,2018-11-23 12:09:41,1,0,0,0,0,0.1,0,PRODUCT,WRAP DE SARRASIN,DINAN,IN_PROGRESS,BUCKWHEAT WRAP,DINAN,Appetizers
292085217,68566096,2019-04-17 11:23:45,2019-04-17 11:24:37,1,0,0,0,0,0.1,0,PRODUCT,WRAP DE SARRASIN,DINAN,IN_PROGRESS,BUCKWHEAT WRAP,DINAN,Appetizers
139198580,30179222,2018-05-29 12:09:38,2018-05-29 12:10:37,1,0,0,0,0,0.1,0,PRODUCT,BREIZH'N'ROLL,DINAN,WAITING,BREIZH&#39;N&#39;ROLL,DINAN,Desserts
238341207,55016055,2019-01-08 12:20:15,2019-01-08 12:20:55,1,0,0,0,0,0.1,0,PRODUCT,WRAP DE SARRASIN,DINAN,WAITING,BUCKWHEAT WRAP,DINAN,Appetizers
292040977,68555721,2019-04-17 10:59:07,2019-04-17 11:00:38,1,0,0,0,0,0.1,0,PRODUCT,WRAP DE SARRASIN,DINAN,IN_PROGRESS,BUCKWHEAT WRAP,DINAN,Appetizers
407789352,95871914,2019-10-03 10:19:48,2019-10-03 10:49:32,1,0,0,0,0,0.1,0,PRODUCT,WRAP DE SARRASIN,DINAN,DONE,BUCKWHEAT WRAP,DINAN,Appetizers
501075888,111656970,2020-01-07 12:18:20,2020-01-07 12:57:43,1,0,0,0,0,0.1,0,PRODUCT,WRAP DE SARRASIN,DINAN,DONE,BUCKWHEAT WRAP,DINAN,Appetizers
220548647,50531516,2018-11-28 13:14:56,2018-11-28 13:19:50,1,0,0,0,0,0.1,0,PRODUCT,WRAP DE SARRASIN,DINAN,IN_PROGRESS,BUCKWHEAT WRAP,DINAN,Appetizers
341812114,80741913,2019-07-04 11:53:00,2019-07-04 11:53:09,1,0,0,0,0,0.1,0,PRODUCT,WRAP DE SARRASIN,DINAN,WAITING,BUCKWHEAT WRAP,DINAN,Appetizers
340286417,80368257,2019-07-02 11:30:00,2019-07-02 11:31:15,1,0,0,0,0,0.1,0,PRODUCT,WRAP DE SARRASIN,DINAN,IN_PROGRESS,BUCKWHEAT WRAP,DINAN,Appetizers
210713800,47974663,2018-11-06 12:49:53,2018-11-06 12:50:00,1,0,0,0,0,0.1,0,PRODUCT,WRAP DE SARRASIN,DINAN,WAITING,BUCKWHEAT WRAP,DINAN,Appetizers
87671949,17613764,2017-12-12 11:40:40,2017-12-12 11:42:17,1,0,0,0,0,0.1,0,PRODUCT,BREIZH'N'ROLL,DINAN,IN_PROGRESS,BREIZH&#39;N&#39;ROLL,DINAN,Desserts
223291922,51226704,2018-12-04 11:35:11,2018-12-04 11:36:58,1,0,0,0,0,0.1,0,PRODUCT,WRAP DE SARRASIN,DINAN,IN_PROGRESS,BUCKWHEAT WRAP,DINAN,Appetizers
223761062,51354328,2018-12-05 11:47:11,2018-12-05 11:47:25,1,0,0,0,0,0.1,0,PRODUCT,WRAP DE SARRASIN,DINAN,IN_PROGRESS,BUCKWHEAT WRAP,DINAN,Appetizers
247854842,57448841,2019-01-28 11:30:01,2019-01-28 11:30:51,1,0,0,0,0,0.1,0,PRODUCT,WRAP DE SARRASIN,DINAN,IN_PROGRESS,BUCKWHEAT WRAP,DINAN,Appetizers
275813883,64521990,2019-03-21 12:50:06,2019-03-21 12:51:13,1,0,0,0,0,0.1,0,PRODUCT,WRAP DE SARRASIN,DINAN,WAITING,BUCKWHEAT WRAP,DINAN,Appetizers
156908463,34729488,2018-07-10 11:30:53,2018-07-10 11:35:58,1,0,0,0,0,0.1,0,PRODUCT,WRAP DE SARRASIN,DINAN,IN_PROGRESS,BUCKWHEAT WRAP,DINAN,Appetizers
204073317,46299673,2018-10-22 11:49:50,2018-10-22 11:55:27,1,0,0,0,0,0.1,0,PRODUCT,WRAP DE SARRASIN,DINAN,IN_PROGRESS,BUCKWHEAT WRAP,DINAN,Appetizers
129566496,27677486,2018-05-02 11:11:26,2018-05-02 11:11:36,1,0,0,0,0,0.1,0,PRODUCT,BREIZH'N'ROLL,DINAN,IN_PROGRESS,BREIZH&#39;N&#39;ROLL,DINAN,Desserts
201524469,45656331,2018-10-17 11:15:36,2018-10-17 11:15:49,1,0,0,0,0,0.1,0,PRODUCT,WRAP DE SARRASIN,DINAN,IN_PROGRESS,BUCKWHEAT WRAP,DINAN,Appetizers
263068089,61301541,2019-02-26 11:11:29,2019-02-26 11:12:14,1,0,0,0,0,0.1,0,PRODUCT,WRAP DE SARRASIN,DINAN,IN_PROGRESS,BUCKWHEAT WRAP,DINAN,Appetizers
291985408,68542130,2019-04-17 10:31:23,2019-04-17 10:32:40,1,0,0,0,0,0.1,0,PRODUCT,WRAP DE SARRASIN,DINAN,IN_PROGRESS,BUCKWHEAT WRAP,DINAN,Appetizers
91145322,18399959,2017-12-28 11:54:33,2017-12-28 11:54:42,1,0,0,0,0,0.1,0,PRODUCT,BREIZH'N'ROLL,DINAN,IN_PROGRESS,BREIZH&#39;N&#39;ROLL,DINAN,Desserts
75287503,15191350,2017-10-24 11:38:43,2017-10-24 11:39:50,1,0,0,0,0,0.1,0,PRODUCT,BREIZH'N'ROLL,DINAN,IN_PROGRESS,BREIZH&#39;N&#39;ROLL,DINAN,Desserts
471496066,107546972,2019-12-10 11:23:46,2019-12-10 12:16:29,1,0,0,0,0,0.1,0,PRODUCT,WRAP DE SARRASIN,DINAN,DONE,BUCKWHEAT WRAP,DINAN,Appetizers
560466523,122954532,2020-03-11 11:29:01,2020-03-11 11:29:14,1,0,0,0,0,0.1,0,PRODUCT,WRAP DE SARRASIN,DINAN,DONE,BUCKWHEAT WRAP,DINAN,Appetizers
428290866,100689439,2019-10-30 11:53:59,2019-10-30 12:33:13,1,0,0,0,0,0.1,0,PRODUCT,WRAP DE SARRASIN,DINAN,DONE,BUCKWHEAT WRAP,DINAN,Appetizers
421513270,99121036,2019-10-21 10:38:50,2019-10-21 11:16:23,1,0,0,0,0,0.1,0,PRODUCT,WRAP DE SARRASIN,DINAN,DONE,BUCKWHEAT WRAP,DINAN,Appetizers
335414221,79191321,2019-06-25 11:37:35,2019-06-25 11:38:42,1,0,0,0,0,0.1,0,PRODUCT,WRAP DE SARRASIN,DINAN,WAITING,BUCKWHEAT WRAP,DINAN,Appetizers
326182077,76930577,2019-06-12 11:15:37,2019-06-12 11:16:19,1,0,0,0,0,0.1,0,PRODUCT,WRAP DE SARRASIN,DINAN,IN_PROGRESS,BUCKWHEAT WRAP,DINAN,Appetizers
352270799,83186508,2019-07-18 11:11:56,2019-07-18 11:58:38,1,0,0,0,0,0.1,0,PRODUCT,WRAP DE SARRASIN,DINAN,DONE,BUCKWHEAT WRAP,DINAN,Appetizers
180963211,40427756,2018-09-04 10:59:14,2018-09-04 11:00:45,1,0,0,0,0,0.1,0,PRODUCT,WRAP DE SARRASIN,DINAN,IN_PROGRESS,BUCKWHEAT WRAP,DINAN,Appetizers
547799112,120139410,2020-02-24 11:34:54,2020-02-24 12:16:44,1,0,0,0,0,0.1,0,PRODUCT,WRAP DE SARRASIN,DINAN,DONE,BUCKWHEAT WRAP,DINAN,Appetizers
249286090,57828161,2019-01-31 13:28:43,2019-01-31 13:30:52,1,0,0,0,0,0.1,0,PRODUCT,WRAP DE SARRASIN,DINAN,WAITING,BUCKWHEAT WRAP,DINAN,Appetizers
488550075,108627479,2019-12-16 12:35:36,2019-12-23 21:41:46,1,0,0,0,0,0.1,0,PRODUCT,WRAP DE SARRASIN,DINAN,DONE,BUCKWHEAT WRAP,DINAN,Appetizers
313967311,73965271,2019-05-24 10:53:32,2019-05-24 10:55:33,1,0,0,0,0,0.1,0,PRODUCT,WRAP DE SARRASIN,DINAN,IN_PROGRESS,BUCKWHEAT WRAP,DINAN,Appetizers
88222998,17728018,2017-12-14 12:13:57,2017-12-14 12:14:15,1,0,0,0,0,0.1,0,PRODUCT,BREIZH'N'ROLL,DINAN,IN_PROGRESS,BREIZH&#39;N&#39;ROLL,DINAN,Desserts
117648374,24737030,2018-03-30 11:44:01,2018-03-30 11:44:11,1,0,0,0,0,0.1,0,PRODUCT,BREIZH'N'ROLL,DINAN,IN_PROGRESS,BREIZH&#39;N&#39;ROLL,DINAN,Desserts
139142538,30166314,2018-05-29 11:05:57,2018-05-29 11:07:12,1,0,0,0,0,0.1,0,PRODUCT,BREIZH'N'ROLL,DINAN,IN_PROGRESS,BREIZH&#39;N&#39;ROLL,DINAN,Desserts
292101967,68569753,2019-04-17 11:32:25,2019-04-17 11:34:50,1,0,0,0,0,0.1,0,PRODUCT,WRAP DE SARRASIN,DINAN,IN_PROGRESS,BUCKWHEAT WRAP,DINAN,Appetizers
275718115,64499755,2019-03-21 11:50:32,2019-03-21 11:51:57,1,0,0,0,0,0.1,0,PRODUCT,WRAP DE SARRASIN,DINAN,IN_PROGRESS,BUCKWHEAT WRAP,DINAN,Appetizers
111806487,23295556,2018-03-13 11:58:57,2018-03-13 11:59:13,1,0,0,0,0,0.1,0,PRODUCT,BREIZH'N'ROLL,DINAN,IN_PROGRESS,BREIZH&#39;N&#39;ROLL,DINAN,Desserts
295676526,69423713,2019-04-23 10:47:50,2019-04-23 10:48:14,1,0,0,0,0,0.1,0,PRODUCT,WRAP DE SARRASIN,DINAN,IN_PROGRESS,BUCKWHEAT WRAP,DINAN,Appetizers
303933794,71450140,2019-05-07 11:40:50,2019-05-07 11:41:01,1,0,0,0,0,0.1,0,PRODUCT,WRAP DE SARRASIN,DINAN,IN_PROGRESS,BUCKWHEAT WRAP,DINAN,Appetizers
334779973,79027137,2019-06-24 10:42:02,2019-06-24 10:42:21,1,0,0,0,0,0.1,0,PRODUCT,WRAP DE SARRASIN,DINAN,IN_PROGRESS,BUCKWHEAT WRAP,DINAN,Appetizers
167428685,37296235,2018-08-02 11:56:05,2018-08-02 11:56:43,1,0,0,0,0,0.1,0,PRODUCT,WRAP DE SARRASIN,DINAN,WAITING,BUCKWHEAT WRAP,DINAN,Appetizers
134835058,29037774,2018-05-17 11:02:06,2018-05-17 11:03:16,1,0,0,0,0,0.1,0,PRODUCT,BREIZH'N'ROLL,DINAN,IN_PROGRESS,BREIZH&#39;N&#39;ROLL,DINAN,Desserts
110221172,22892714,2018-03-08 11:53:04,2018-03-08 11:55:05,1,0,0,0,0,0.1,0,PRODUCT,BREIZH'N'ROLL,DINAN,IN_PROGRESS,BREIZH&#39;N&#39;ROLL,DINAN,Desserts
525012008,115354681,2020-01-29 11:00:42,2020-01-29 11:01:00,1,0,0,0,0,0.1,0,PRODUCT,WRAP DE SARRASIN,DINAN,DONE,BUCKWHEAT WRAP,DINAN,Appetizers
127939766,27284942,2018-04-27 11:24:14,2018-04-27 11:24:59,1,0,0,0,0,0.1,0,PRODUCT,BREIZH'N'ROLL,DINAN,IN_PROGRESS,BREIZH&#39;N&#39;ROLL,DINAN,Desserts
278179938,65098021,2019-03-25 11:34:37,2019-03-25 11:35:03,1,0,0,0,0,0.1,0,PRODUCT,WRAP DE SARRASIN,DINAN,IN_PROGRESS,BUCKWHEAT WRAP,DINAN,Appetizers
288911764,67802122,2019-04-12 10:58:57,2019-04-12 10:59:29,1,0,0,0,0,0.1,0,PRODUCT,WRAP DE SARRASIN,DINAN,IN_PROGRESS,BUCKWHEAT WRAP,DINAN,Appetizers
86201928,17293572,2017-12-06 11:27:15,2017-12-06 11:27:21,1,0,0,0,0,0.1,0,PRODUCT,BREIZH'N'ROLL,DINAN,IN_PROGRESS,BREIZH&#39;N&#39;ROLL,DINAN,Desserts
213450618,48674342,2018-11-12 11:43:51,2018-11-12 11:44:24,1,0,0,0,0,0.1,0,PRODUCT,WRAP DE SARRASIN,DINAN,IN_PROGRESS,BUCKWHEAT WRAP,DINAN,Appetizers
211590963,48208382,2018-11-08 12:54:18,2018-11-08 12:58:02,1,0,0,0,0,0.1,0,PRODUCT,WRAP DE SARRASIN,DINAN,WAITING,BUCKWHEAT WRAP,DINAN,Appetizers
355330246,83905451,2019-07-22 12:43:52,2019-07-22 13:12:20,1,0,0,0,0,0.1,0,PRODUCT,WRAP DE SARRASIN,DINAN,DONE,BUCKWHEAT WRAP,DINAN,Appetizers
270757844,63230941,2019-03-12 11:46:12,2019-03-12 11:49:47,1,0,0,0,0,0.1,0,PRODUCT,WRAP DE SARRASIN,DINAN,IN_PROGRESS,BUCKWHEAT WRAP,DINAN,Appetizers
255884082,59505994,2019-02-13 12:33:57,2019-02-13 12:34:00,1,0,0,0,0,0.1,0,PRODUCT,WRAP DE SARRASIN,DINAN,WAITING,BUCKWHEAT WRAP,DINAN,Appetizers
450558621,104349418,2019-11-21 12:32:18,2019-11-21 12:32:31,1,0,0,0,0,0.1,0,PRODUCT,WRAP DE SARRASIN,DINAN,DONE,BUCKWHEAT WRAP,DINAN,Appetizers
220123146,50416058,2018-11-27 13:03:51,2018-11-27 13:05:19,1,0,0,0,0,0.1,0,PRODUCT,WRAP DE SARRASIN,DINAN,IN_PROGRESS,BUCKWHEAT WRAP,DINAN,Appetizers
345300645,81568077,2019-07-09 10:19:03,2019-07-09 10:21:27,1,0,0,0,0,0.1,0,PRODUCT,WRAP DE SARRASIN,DINAN,IN_PROGRESS,BUCKWHEAT WRAP,DINAN,Appetizers
224314146,51498983,2018-12-06 12:20:55,2018-12-06 12:21:48,1,0,0,0,0,0.1,0,PRODUCT,WRAP DE SARRASIN,DINAN,IN_PROGRESS,BUCKWHEAT WRAP,DINAN,Appetizers
239761355,55395912,2019-01-11 12:44:33,2019-01-11 12:45:10,1,0,0,0,0,0.1,0,PRODUCT,WRAP DE SARRASIN,DINAN,IN_PROGRESS,BUCKWHEAT WRAP,DINAN,Appetizers
535702537,117562077,2020-02-10 11:19:09,2020-02-10 11:19:27,1,0,0,0,0,0.1,0,PRODUCT,WRAP DE SARRASIN,DINAN,DONE,BUCKWHEAT WRAP,DINAN,Appetizers
127947850,27286723,2018-04-27 11:32:42,2018-04-27 11:32:53,1,0,0,0,0,0.1,0,PRODUCT,BREIZH'N'ROLL,DINAN,IN_PROGRESS,BREIZH&#39;N&#39;ROLL,DINAN,Desserts
127468747,27162970,2018-04-26 10:36:13,2018-04-26 10:36:25,1,0,0,0,0,0.1,0,PRODUCT,BREIZH'N'ROLL,DINAN,IN_PROGRESS,BREIZH&#39;N&#39;ROLL,DINAN,Desserts
220103722,50411528,2018-11-27 12:40:30,2018-11-27 12:43:33,1,0,0,0,0,0.1,0,PRODUCT,WRAP DE SARRASIN,DINAN,IN_PROGRESS,BUCKWHEAT WRAP,DINAN,Appetizers
274565691,64196454,2019-03-19 11:13:14,2019-03-19 11:13:40,1,0,0,0,0,0.1,0,PRODUCT,WRAP DE SARRASIN,DINAN,IN_PROGRESS,BUCKWHEAT WRAP,DINAN,Appetizers
205894518,46782784,2018-10-26 11:14:46,2018-10-26 11:18:36,1,0,0,0,0,0.1,0,PRODUCT,WRAP DE SARRASIN,DINAN,IN_PROGRESS,BUCKWHEAT WRAP,DINAN,Appetizers
305445873,71828562,2019-05-10 10:18:05,2019-05-10 10:25:56,1,0,0,0,0,0.1,0,PRODUCT,WRAP DE SARRASIN,DINAN,IN_PROGRESS,BUCKWHEAT WRAP,DINAN,Appetizers
274565699,64196454,2019-03-19 11:13:15,2019-03-19 11:13:40,1,0,0,0,0,0.1,0,PRODUCT,WRAP DE SARRASIN,DINAN,IN_PROGRESS,BUCKWHEAT WRAP,DINAN,Appetizers
218281267,49954637,2018-11-23 11:35:57,2018-11-23 11:37:48,1,0,0,0,0,0.1,0,PRODUCT,WRAP DE SARRASIN,DINAN,IN_PROGRESS,BUCKWHEAT WRAP,DINAN,Appetizers
81443670,16251738,2017-11-15 12:12:51,2017-11-15 12:14:04,1,0,0,0,0,0.1,0,PRODUCT,BREIZH'N'ROLL,DINAN,IN_PROGRESS,BREIZH&#39;N&#39;ROLL,DINAN,Desserts
336864829,79550763,2019-06-27 12:32:13,2019-06-27 12:33:17,1,0,0,0,0,0.1,0,PRODUCT,WRAP DE SARRASIN,DINAN,WAITING,BUCKWHEAT WRAP,DINAN,Appetizers
272506798,63691276,2019-03-15 13:03:21,2019-03-15 13:03:41,1,0,0,0,0,0.1,0,PRODUCT,WRAP DE SARRASIN,DINAN,WAITING,BUCKWHEAT WRAP,DINAN,Appetizers
251695934,58437042,2019-02-05 12:08:02,2019-02-05 12:09:38,1,0,0,0,0,0.1,0,PRODUCT,WRAP DE SARRASIN,DINAN,IN_PROGRESS,BUCKWHEAT WRAP,DINAN,Appetizers
214350380,48921873,2018-11-14 13:29:13,2018-11-14 13:30:05,1,0,0,0,0,0.1,0,PRODUCT,WRAP DE SARRASIN,DINAN,WAITING,BUCKWHEAT WRAP,DINAN,Appetizers
464852748,106572993,2019-12-04 11:52:29,2019-12-04 11:53:05,1,0,0,0,0,0.1,0,PRODUCT,WRAP DE SARRASIN,DINAN,DONE,BUCKWHEAT WRAP,DINAN,Appetizers
161564039,35897065,2018-07-20 10:55:12,2018-07-20 10:58:36,1,0,0,0,0,0.1,0,PRODUCT,WRAP DE SARRASIN,DINAN,IN_PROGRESS,BUCKWHEAT WRAP,DINAN,Appetizers
197294832,44550567,2018-10-08 10:38:59,2018-10-08 10:42:50,1,0,0,0,0,0.1,0,PRODUCT,WRAP DE SARRASIN,DINAN,IN_PROGRESS,BUCKWHEAT WRAP,DINAN,Appetizers
427496990,100519267,2019-10-29 11:55:18,2019-10-29 12:43:11,1,0,0,0,0,0.1,0,PRODUCT,WRAP DE SARRASIN,DINAN,DONE,BUCKWHEAT WRAP,DINAN,Appetizers
84915676,17004562,2017-11-30 12:37:06,2017-11-30 12:37:45,1,0,0,0,0,0.1,0,PRODUCT,BREIZH'N'ROLL,DINAN,IN_PROGRESS,BREIZH&#39;N&#39;ROLL,DINAN,Desserts
101537012,20830399,2018-02-07 12:33:17,2018-02-07 12:33:23,1,0,0,0,0,0.1,0,PRODUCT,BREIZH'N'ROLL,DINAN,IN_PROGRESS,BREIZH&#39;N&#39;ROLL,DINAN,Desserts
518523977,114386190,2020-01-23 13:23:46,2020-01-23 13:24:28,1,0,0,0,0,0.1,0,PRODUCT,WRAP DE SARRASIN,DINAN,DONE,BUCKWHEAT WRAP,DINAN,Appetizers
124992169,26526018,2018-04-19 11:20:27,2018-04-19 11:20:56,1,0,0,0,0,0.1,0,PRODUCT,BREIZH'N'ROLL,DINAN,IN_PROGRESS,BREIZH&#39;N&#39;ROLL,DINAN,Desserts
212095853,48347432,2018-11-09 12:47:29,2018-11-09 12:51:37,1,0,0,0,0,0.1,0,PRODUCT,WRAP DE SARRASIN,DINAN,WAITING,BUCKWHEAT WRAP,DINAN,Appetizers
187487834,42028482,2018-09-17 11:10:28,2018-09-17 11:10:35,1,0,0,0,0,0.1,0,PRODUCT,WRAP DE SARRASIN,DINAN,IN_PROGRESS,BUCKWHEAT WRAP,DINAN,Appetizers
326914513,77117322,2019-06-13 11:53:12,2019-06-13 11:53:25,1,0,0,0,0,0.1,0,PRODUCT,WRAP DE SARRASIN,DINAN,IN_PROGRESS,BUCKWHEAT WRAP,DINAN,Appetizers
407129463,95717574,2019-10-02 11:28:10,2019-10-02 11:29:17,1,0,0,0,0,0.1,0,PRODUCT,WRAP DE SARRASIN,DINAN,DONE,BUCKWHEAT WRAP,DINAN,Appetizers
474925089,108108252,2019-12-13 13:28:08,2019-12-13 13:58:21,1,0,0,0,0,0.1,0,PRODUCT,WRAP DE SARRASIN,DINAN,DONE,BUCKWHEAT WRAP,DINAN,Appetizers
301576372,70884327,2019-05-03 11:18:03,2019-05-03 11:19:54,1,0,0,0,0,0.1,0,PRODUCT,WRAP DE SARRASIN,DINAN,IN_PROGRESS,BUCKWHEAT WRAP,DINAN,Appetizers
448499314,103983479,2019-11-19 11:37:32,2019-11-19 12:15:54,1,0,0,0,0,0.1,0,PRODUCT,WRAP DE SARRASIN,DINAN,DONE,BUCKWHEAT WRAP,DINAN,Appetizers
503930279,112130038,2020-01-10 11:28:15,2020-01-10 12:09:45,1,0,0,0,0,0.1,0,PRODUCT,WRAP DE SARRASIN,DINAN,DONE,BUCKWHEAT WRAP,DINAN,Appetizers
95576846,19444662,2018-01-17 11:34:33,2018-01-17 11:34:43,1,0,0,0,0,0.1,0,PRODUCT,BREIZH'N'ROLL,DINAN,IN_PROGRESS,BREIZH&#39;N&#39;ROLL,DINAN,Desserts
326200728,76934872,2019-06-12 11:22:55,2019-06-12 11:26:14,1,0,0,0,0,0.1,0,PRODUCT,WRAP DE SARRASIN,DINAN,IN_PROGRESS,BUCKWHEAT WRAP,DINAN,Appetizers
220075051,50404850,2018-11-27 12:19:06,2018-11-27 12:19:28,1,0,0,0,0,0.1,0,PRODUCT,WRAP DE SARRASIN,DINAN,IN_PROGRESS,BUCKWHEAT WRAP,DINAN,Appetizers
264839630,61759952,2019-03-01 12:06:01,2019-03-01 12:07:36,1,0,0,0,0,0.1,0,PRODUCT,WRAP DE SARRASIN,DINAN,IN_PROGRESS,BUCKWHEAT WRAP,DINAN,Appetizers
500244310,111520092,2020-01-06 12:26:03,2020-01-06 13:04:55,1,0,0,0,0,0.1,0,PRODUCT,WRAP DE SARRASIN,DINAN,DONE,BUCKWHEAT WRAP,DINAN,Appetizers
303933791,71450140,2019-05-07 11:40:49,2019-05-07 11:41:01,1,0,0,0,0,0.1,0,PRODUCT,WRAP DE SARRASIN,DINAN,IN_PROGRESS,BUCKWHEAT WRAP,DINAN,Appetizers
244560968,56605836,2019-01-21 11:48:15,2019-01-21 11:51:31,1,0,0,0,0,0.1,0,PRODUCT,WRAP DE SARRASIN,DINAN,IN_PROGRESS,BUCKWHEAT WRAP,DINAN,Appetizers
74193273,14951601,2017-10-19 10:59:25,2017-10-19 11:00:44,1,0,0,0,0,0.1,0,PRODUCT,BREIZH'N'ROLL,DINAN,IN_PROGRESS,BREIZH&#39;N&#39;ROLL,DINAN,Desserts
245328687,56818332,2019-01-23 11:39:55,2019-01-23 11:40:16,1,0,0,0,0,0.1,0,PRODUCT,WRAP DE SARRASIN,DINAN,IN_PROGRESS,BUCKWHEAT WRAP,DINAN,Appetizers
