id_order_line,id_order,date_opended,date_created,m_quantity,m_unit_price,m_unit_price_exc_vat,m_total_price_inc_vat,m_total_price_exc_vat,m_tax_percent,m_discount_amount,dim_type,dim_category,dim_name,dim_status,dim_feature_type,dim_unit_measure,dim_unit_measure_display,dim_category_translated,dim_name_translated
36303668,7901432,29/04/2017 20:38:13,29/04/2017 20:38:13,1,0,0,0,0,0.2,0,OPTION,Martini 15 cl,Gin,WAITING,,,,Martini 15 cl,Gin
160656467,35669117,18/07/2018 12:55:12,18/07/2018 13:09:03,1,0,0,0,0,0.1,0,PRODUCT,WRAP DE SARRASIN,NYC,WAITING,,,,BUCKWHEAT WRAP,NYC
127895661,27274572,27/04/2018 10:44:45,27/04/2018 10:49:04,1,0,0,0,0,0.1,0,PRODUCT,BREIZH'N'ROLL,NYC,IN_PROGRESS,,,,BREIZH&#39;N&#39;ROLL,NYC
124934060,26512568,19/04/2018 10:35:06,19/04/2018 10:35:20,1,0,0,0,0,0.1,0,PRODUCT,BREIZH'N'ROLL,NYC,IN_PROGRESS,,,,BREIZH&#39;N&#39;ROLL,NYC
83606925,16715607,24/11/2017 12:35:38,24/11/2017 12:36:19,1,0,0,0,0,0.1,0,PRODUCT,BREIZH'N'ROLL,NYC,IN_PROGRESS,,,,BREIZH&#39;N&#39;ROLL,NYC
95576855,19444662,17/01/2018 11:34:34,17/01/2018 11:34:43,1,0,0,0,0,0.1,0,PRODUCT,BREIZH'N'ROLL,NYC,IN_PROGRESS,,,,BREIZH&#39;N&#39;ROLL,NYC
122765839,25968886,13/04/2018 12:19:31,13/04/2018 12:21:41,1,0,0,0,0,0.1,0,PRODUCT,BREIZH'N'ROLL,NYC,IN_PROGRESS,,,,BREIZH&#39;N&#39;ROLL,NYC
125356289,26620740,20/04/2018 10:32:37,20/04/2018 10:32:45,1,0,0,0,0,0.1,0,PRODUCT,BREIZH'N'ROLL,NYC,IN_PROGRESS,,,,BREIZH&#39;N&#39;ROLL,NYC
101489716,20819250,07/02/2018 11:33:17,07/02/2018 11:38:27,1,0,0,0,0,0.1,0,PRODUCT,BREIZH'N'ROLL,NYC,IN_PROGRESS,,,,BREIZH&#39;N&#39;ROLL,NYC
84390706,16892571,28/11/2017 11:56:39,28/11/2017 11:56:45,1,0,0,0,0,0.1,0,PRODUCT,BREIZH'N'ROLL,NYC,IN_PROGRESS,,,,BREIZH&#39;N&#39;ROLL,NYC
106488507,21984050,23/02/2018 12:23:44,23/02/2018 12:25:02,1,0,0,0,0,0.1,0,PRODUCT,BREIZH'N'ROLL,NYC,IN_PROGRESS,,,,BREIZH&#39;N&#39;ROLL,NYC
114793266,24024324,22/03/2018 11:53:50,22/03/2018 11:57:13,1,0,0,0,0,0.1,0,PRODUCT,BREIZH'N'ROLL,NYC,IN_PROGRESS,,,,BREIZH&#39;N&#39;ROLL,NYC
127947863,27286723,27/04/2018 11:32:44,27/04/2018 11:32:53,1,0,0,0,0,0.1,0,PRODUCT,BREIZH'N'ROLL,NYC,IN_PROGRESS,,,,BREIZH&#39;N&#39;ROLL,NYC
111820102,23298891,13/03/2018 12:12:33,13/03/2018 12:12:41,1,0,0,0,0,0.1,0,PRODUCT,BREIZH'N'ROLL,NYC,IN_PROGRESS,,,,BREIZH&#39;N&#39;ROLL,NYC
92274868,18680419,04/01/2018 11:57:01,04/01/2018 11:57:10,1,0,0,0,0,0.1,0,PRODUCT,BREIZH'N'ROLL,NYC,IN_PROGRESS,,,,BREIZH&#39;N&#39;ROLL,NYC
83301316,16650774,23/11/2017 11:37:20,23/11/2017 11:40:15,1,0,0,0,0,0.1,0,PRODUCT,BREIZH'N'ROLL,NYC,IN_PROGRESS,,,,BREIZH&#39;N&#39;ROLL,NYC
109583453,22734016,06/03/2018 12:14:59,06/03/2018 12:15:41,1,0,0,0,0,0.1,0,PRODUCT,BREIZH'N'ROLL,NYC,IN_PROGRESS,,,,BREIZH&#39;N&#39;ROLL,NYC
112829544,23567341,16/03/2018 12:48:08,16/03/2018 12:49:40,1,0,0,0,0,0.1,0,PRODUCT,BREIZH'N'ROLL,NYC,IN_PROGRESS,,,,BREIZH&#39;N&#39;ROLL,NYC
167360278,37281514,02/08/2018 10:44:28,02/08/2018 10:50:43,1,0,0,0,0,0.1,0,PRODUCT,WRAP DE SARRASIN,NYC,IN_PROGRESS,,,,BUCKWHEAT WRAP,NYC
144610104,31582765,12/06/2018 11:04:10,12/06/2018 11:05:37,1,0,0,0,0,0.1,0,PRODUCT,WRAP DE SARRASIN,NYC,IN_PROGRESS,,,,BUCKWHEAT WRAP,NYC
161548516,35893365,20/07/2018 10:45:47,20/07/2018 10:47:30,1,0,0,0,0,0.1,0,PRODUCT,WRAP DE SARRASIN,NYC,IN_PROGRESS,,,,BUCKWHEAT WRAP,NYC
76354952,15346325,27/10/2017 11:08:52,27/10/2017 11:10:07,1,0,0,0,0,0.1,0,PRODUCT,BREIZH'N'ROLL,NYC,IN_PROGRESS,,,,BREIZH&#39;N&#39;ROLL,NYC
141945156,30880733,05/06/2018 11:28:25,05/06/2018 11:29:14,1,0,0,0,0,0.1,0,PRODUCT,WRAP DE SARRASIN,NYC,IN_PROGRESS,,,,BUCKWHEAT WRAP,NYC
115181761,24122277,23/03/2018 12:03:09,23/03/2018 12:04:22,1,0,0,0,0,0.1,0,PRODUCT,BREIZH'N'ROLL,NYC,IN_PROGRESS,,,,BREIZH&#39;N&#39;ROLL,NYC
156908457,34729488,10/07/2018 11:30:54,10/07/2018 11:35:58,1,0,0,0,0,0.1,0,PRODUCT,WRAP DE SARRASIN,NYC,IN_PROGRESS,,,,BUCKWHEAT WRAP,NYC
164333286,36558297,26/07/2018 12:09:37,26/07/2018 12:15:39,1,0,0,0,0,0.1,0,PRODUCT,WRAP DE SARRASIN,NYC,IN_PROGRESS,,,,BUCKWHEAT WRAP,NYC
161049350,35772142,19/07/2018 11:06:29,19/07/2018 11:07:04,1,0,0,0,0,0.1,0,PRODUCT,WRAP DE SARRASIN,NYC,IN_PROGRESS,,,,BUCKWHEAT WRAP,NYC
115736913,24260383,24/03/2018 18:29:19,24/03/2018 18:29:19,1,0,0,0,0,0.1,0,OPTION,Cuissons,Bleu,IN_PROGRESS,,,,cooking,Blue
221797312,50855750,30/11/2018 20:38:22,30/11/2018 20:38:22,1,0,0,0,0,0.1,0,OPTION,Cuissons,Bleu,IN_PROGRESS,,,,cooking,Blue
469192983,107218807,07/12/2019 20:00:58,07/12/2019 20:00:58,1,0,0,0,0,0.1,0,OPTION,Cuissons,Bleu,IN_PROGRESS,,,,cooking,Blue
14822110,3457889,25/10/2016 11:02:58,25/10/2016 11:02:58,1,0,0,0,0,0.1,0,OPTION,Cuissons,Bleu,IN_PROGRESS,,,,cooking,Blue
91071980,18380671,27/12/2017 19:29:56,27/12/2017 19:29:56,1,0,0,0,0,0.1,0,OPTION,Cuissons,Bleu,IN_PROGRESS,,,,cooking,Blue
267672920,62461849,06/03/2019 18:26:40,06/03/2019 18:26:40,1,0,0,0,0,0.1,0,OPTION,Cuissons,Bleu,IN_PROGRESS,,,,cooking,Blue
100200535,20539100,02/02/2018 18:40:04,02/02/2018 18:40:04,1,0,0,0,0,0.1,0,OPTION,Cuissons,Bleu,IN_PROGRESS,,,,cooking,Blue
78424049,15651833,02/11/2017 19:04:43,02/11/2017 19:04:43,1,0,0,0,0,0.1,0,OPTION,Cuissons,Bleu,IN_PROGRESS,,,,cooking,Blue
308416223,72565582,15/05/2019 11:07:20,15/05/2019 11:07:20,1,0,0,0,0,0.1,0,OPTION,Cuissons,Bleu,IN_PROGRESS,,,,cooking,Blue
71586888,14346111,06/10/2017 19:48:53,06/10/2017 19:48:53,1,0,0,0,0,0.1,0,OPTION,Cuissons,Bleu,IN_PROGRESS,,,,cooking,Blue
230809261,53141601,19/12/2018 20:02:54,19/12/2018 20:02:54,1,0,0,0,0,0.1,0,OPTION,Cuissons,Bleu,IN_PROGRESS,,,,cooking,Blue
51804594,11127519,21/07/2017 19:45:34,21/07/2017 19:45:34,1,0,0,0,0,0.1,0,OPTION,Cuissons,Bleu,IN_PROGRESS,,,,cooking,Blue
72126353,14474244,09/10/2017 18:49:48,09/10/2017 18:49:48,1,0,0,0,0,0.1,0,OPTION,CUISSONS,Bleu,IN_PROGRESS,,,,COOKINGS,Blue
512153413,113430251,17/01/2020 18:23:00,17/01/2020 18:23:00,1,0,0,0,0,0.1,0,OPTION,Cuissons,Bleu,IN_PROGRESS,,,,cooking,Blue
306553431,72081760,11/05/2019 18:32:36,11/05/2019 18:32:36,1,0,0,0,0,0.1,0,OPTION,Cuissons,Bleu,IN_PROGRESS,,,,cooking,Blue
561377156,123170102,12/03/2020 12:40:28,12/03/2020 12:40:28,1,0,0,0,0,0.1,0,OPTION,Cuisson,Bleu,IN_PROGRESS,,,,Cooking,Blue
280873043,65797994,29/03/2019 20:40:12,29/03/2019 20:40:12,1,0,0,0,0,0.1,0,OPTION,Cuissons,Bleu,IN_PROGRESS,,,,cooking,Blue
177838454,39707405,28/08/2018 19:30:35,28/08/2018 19:30:35,1,0,0,0,0,0.1,0,OPTION,Cuissons,Bleu,IN_PROGRESS,,,,cooking,Blue
36033366,7840400,28/04/2017 11:47:57,28/04/2017 11:47:57,1,0,0,0,0,0.1,0,OPTION,Cuissons,Bleu,IN_PROGRESS,,,,cooking,Blue
375705164,88603120,22/08/2019 18:07:38,22/08/2019 18:07:38,1,0,0,0,0,0.1,0,OPTION,Cuissons,Bleu,IN_PROGRESS,,,,cooking,Blue
16220382,3773334,11/11/2016 20:37:16,11/11/2016 20:37:16,1,0,0,0,0,0.1,0,OPTION,Cuissons,Bleu,IN_PROGRESS,,,,cooking,Blue
269701182,62960141,09/03/2019 20:35:47,09/03/2019 20:35:47,1,0,0,0,0,0.1,0,OPTION,Cuissons,Bleu,IN_PROGRESS,,,,cooking,Blue
256719192,59721343,14/02/2019 19:30:32,14/02/2019 19:30:32,1,0,0,0,0,0.1,0,OPTION,Cuisson,Bleu,IN_PROGRESS,,,,Cooking,Blue
544495783,119485829,20/02/2020 19:37:56,20/02/2020 19:37:56,1,0,0,0,0,0.1,0,OPTION,Cuissons,Bleu,IN_PROGRESS,,,,cooking,Blue
107028134,22106154,24/02/2018 20:12:44,24/02/2018 20:12:44,1,0,0,0,0,0.1,0,OPTION,Cuissons,Bleu,IN_PROGRESS,,,,cooking,Blue
146638547,32111437,16/06/2018 19:34:16,16/06/2018 19:34:16,1,0,0,0,0,0.1,0,OPTION,Cuissons,Bleu,IN_PROGRESS,,,,cooking,Blue
256137767,59533987,13/02/2019 20:24:01,13/02/2019 20:24:01,1,0,0,0,0,0.1,0,OPTION,Cuissons,Bleu,IN_PROGRESS,,,,cooking,Blue
248466101,57618237,29/01/2019 18:56:59,29/01/2019 18:56:59,1,0,0,0,0,0.1,0,OPTION,Cuisson,Bleu,WAITING,,,,Cooking,Blue
332976561,78609425,21/06/2019 18:57:00,21/06/2019 18:57:00,1,0,0,0,0,0.1,0,OPTION,PARFUM,MURE,WAITING,,,,SCENT,BLACKBERRY
193486194,43568970,29/09/2018 20:43:20,29/09/2018 20:43:20,1,0,0,0,0,0.1,0,OPTION,PARFUM,MURE,WAITING,,,,SCENT,BLACKBERRY
235015072,54176646,30/12/2018 11:39:05,30/12/2018 11:39:05,1,0,0,0,0,0.1,0,OPTION,PARFUM,MURE,WAITING,,,,SCENT,BLACKBERRY
258182055,60076416,16/02/2019 20:21:33,16/02/2019 20:21:33,1,0,0,0,0,0.1,0,OPTION,PARFUM,MURE,WAITING,,,,SCENT,BLACKBERRY
6497403,1559647,13/06/2016 18:36:04,13/06/2016 18:38:15,1,0,0,0,0,0.1,0,PRODUCT,"Menu 25,00",Naan,IN_PROGRESS,,,,"Menu 25,00",Naan
217172555,49654311,20/11/2018 19:02:21,20/11/2018 19:03:42,1,0,0,0,0,0.1,0,PRODUCT,"Menu 25,00",Naan,IN_PROGRESS,,,,"Menu 25,00",Naan
16205896,3770741,11/11/2016 18:50:17,11/11/2016 18:50:24,1,0,0,0,0,0.1,0,PRODUCT,"Menu 25,00",Naan,IN_PROGRESS,,,,"Menu 25,00",Naan
5309009,1281197,16/05/2016 17:32:14,16/05/2016 17:32:53,1,0,0,0,0,0.1,0,PRODUCT,"Menu 25,00",Naan,IN_PROGRESS,,,,"Menu 25,00",Naan
379619914,89522791,28/08/2019 18:08:42,28/08/2019 18:08:59,1,0,0,0,0,0.1,0,PRODUCT,"Menu 25,00",Naan,IN_PROGRESS,,,,"Menu 25,00",Naan
196496970,44354196,06/10/2018 12:36:24,06/10/2018 12:42:24,1,0,0,0,0,0.1,0,PRODUCT,BRUNCH,Oeuf,IN_PROGRESS,,,,BRUNCH,Egg
206442235,46920108,27/10/2018 11:14:29,27/10/2018 11:14:33,1,0,0,0,0,0.1,0,PRODUCT,BRUNCH,Oeuf,IN_PROGRESS,,,,BRUNCH,Egg
222107522,50933203,01/12/2018 13:06:18,01/12/2018 13:11:25,1,0,0,0,0,0.1,0,PRODUCT,BRUNCH,Oeuf,WAITING,,,,BRUNCH,Egg
193059491,43475157,29/09/2018 10:55:26,29/09/2018 11:00:05,1,0,0,0,0,0.1,0,PRODUCT,BRUNCH,Oeuf,IN_PROGRESS,,,,BRUNCH,Egg
196528530,44361315,06/10/2018 13:28:42,06/10/2018 13:28:45,1,0,0,0,0,0.1,0,PRODUCT,BRUNCH,Oeuf,IN_PROGRESS,,,,BRUNCH,Egg
189804759,42637385,22/09/2018 10:21:55,22/09/2018 10:33:12,1,0,0,0,0,0.1,0,PRODUCT,BRUNCH,Oeuf,IN_PROGRESS,,,,BRUNCH,Egg
193043330,43471838,29/09/2018 10:37:52,29/09/2018 10:44:25,1,0,0,0,0,0.1,0,PRODUCT,BRUNCH,Oeuf,IN_PROGRESS,,,,BRUNCH,Egg
228841852,52645501,15/12/2018 13:58:56,15/12/2018 14:01:21,1,0,0,0,0,0.1,0,PRODUCT,BRUNCH,Oeuf,WAITING,,,,BRUNCH,Egg
196432033,44341318,06/10/2018 11:18:53,06/10/2018 11:32:23,1,0,0,0,0,0.1,0,PRODUCT,BRUNCH,Oeuf,IN_PROGRESS,,,,BRUNCH,Egg
203040326,46054410,20/10/2018 10:28:06,20/10/2018 10:28:09,1,0,0,0,0,0.1,0,PRODUCT,BRUNCH,Oeuf,IN_PROGRESS,,,,BRUNCH,Egg
206410964,46913386,27/10/2018 10:27:57,27/10/2018 10:36:43,1,0,0,0,0,0.1,0,PRODUCT,BRUNCH,Oeuf,IN_PROGRESS,,,,BRUNCH,Egg
212658909,48482987,10/11/2018 13:06:03,10/11/2018 13:12:46,1,0,0,0,0,0.1,0,PRODUCT,BRUNCH,Oeuf,IN_PROGRESS,,,,BRUNCH,Egg
209513132,47669491,03/11/2018 12:23:05,03/11/2018 12:23:32,1,0,0,0,0,0.1,0,PRODUCT,BRUNCH,Oeuf,IN_PROGRESS,,,,BRUNCH,Egg
168344853,37513270,04/08/2018 11:33:35,04/08/2018 11:38:19,1,0,0,0,0,0.1,0,PRODUCT,BRUNCH,Oeuf,IN_PROGRESS,,,,BRUNCH,Egg
193093615,43481918,29/09/2018 11:31:03,29/09/2018 11:33:55,1,0,0,0,0,0.1,0,PRODUCT,BRUNCH,Oeuf,IN_PROGRESS,,,,BRUNCH,Egg
218834135,50091539,24/11/2018 11:08:49,24/11/2018 11:17:30,1,0,0,0,0,0.1,0,PRODUCT,BRUNCH,Oeuf,IN_PROGRESS,,,,BRUNCH,Egg
168403708,37525296,04/08/2018 13:43:59,04/08/2018 13:44:01,1,0,0,0,0,0.1,0,PRODUCT,BRUNCH,Oeuf,WAITING,,,,BRUNCH,Egg
199793255,45212114,13/10/2018 12:19:03,13/10/2018 12:21:39,1,0,0,0,0,0.1,0,PRODUCT,BRUNCH,Oeuf,WAITING,,,,BRUNCH,Egg
215793480,49300990,17/11/2018 12:09:57,17/11/2018 12:10:25,1,0,0,0,0,0.1,0,PRODUCT,BRUNCH,Oeuf,IN_PROGRESS,,,,BRUNCH,Egg
206548771,46941809,27/10/2018 13:33:43,27/10/2018 13:37:19,1,0,0,0,0,0.1,0,PRODUCT,BRUNCH,Oeuf,WAITING,,,,BRUNCH,Egg
196382288,44330486,06/10/2018 10:09:38,06/10/2018 10:41:17,1,0,0,0,0,0.1,0,PRODUCT,BRUNCH,Oeuf,IN_PROGRESS,,,,BRUNCH,Egg
193067182,43476475,29/09/2018 11:00:19,29/09/2018 11:07:08,1,0,0,0,0,0.1,0,PRODUCT,BRUNCH,Oeuf,IN_PROGRESS,,,,BRUNCH,Egg
225471546,51789168,08/12/2018 12:45:37,08/12/2018 12:45:59,1,0,0,0,0,0.1,0,PRODUCT,BRUNCH,Oeuf,IN_PROGRESS,,,,BRUNCH,Egg
218883831,50102899,24/11/2018 12:14:23,24/11/2018 12:17:23,1,0,0,0,0,0.1,0,PRODUCT,BRUNCH,Oeuf,IN_PROGRESS,,,,BRUNCH,Egg
223577457,51291029,04/12/2018 20:14:41,04/12/2018 20:14:41,1,0,0,0,0,0.2,0,OPTION,PARFUM,PAAN,WAITING,,,,SCENT,PAAN
279156954,65362278,27/03/2019 11:43:31,27/03/2019 11:43:42,1,0,0,0,0,0.055,0,PRODUCT,CAFE / THE,THÉ,IN_PROGRESS,,,,CAFE / THE,TEA
345348883,81580993,09/07/2019 10:46:07,09/07/2019 10:46:15,1,0,0,0,0,0.055,0,PRODUCT,CAFE / THE,THÉ,IN_PROGRESS,,,,CAFE / THE,TEA
239137785,55234463,10/01/2019 11:16:16,10/01/2019 11:30:08,1,0,0,0,0,0.055,0,PRODUCT,CAFE / THE,THÉ,IN_PROGRESS,,,,CAFE / THE,TEA
275684609,64491425,21/03/2019 11:34:19,21/03/2019 11:34:49,1,0,0,0,0,0.055,0,PRODUCT,CAFE / THE,THÉ,IN_PROGRESS,,,,CAFE / THE,TEA
351338708,82980925,17/07/2019 10:36:46,17/07/2019 10:36:51,1,0,0,0,0,0.055,0,PRODUCT,CAFE / THE,THÉ,IN_PROGRESS,,,,CAFE / THE,TEA
340962310,80535478,03/07/2019 11:09:09,03/07/2019 11:09:28,1,0,0,0,0,0.055,0,PRODUCT,CAFE / THE,THÉ,IN_PROGRESS,,,,CAFE / THE,TEA
268042232,62554427,07/03/2019 12:27:16,07/03/2019 12:29:27,1,0,0,0,0,0.055,0,PRODUCT,CAFE / THE,THÉ,IN_PROGRESS,,,,CAFE / THE,TEA
286677811,67219680,08/04/2019 11:53:14,08/04/2019 11:53:35,1,0,0,0,0,0.055,0,PRODUCT,CAFE / THE,THÉ,IN_PROGRESS,,,,CAFE / THE,TEA
286668107,67217539,08/04/2019 11:41:50,08/04/2019 11:43:58,1,0,0,0,0,0.055,0,PRODUCT,CAFE / THE,THÉ,IN_PROGRESS,,,,CAFE / THE,TEA
350634980,82812235,16/07/2019 10:54:56,16/07/2019 10:55:10,1,0,0,0,0,0.055,0,PRODUCT,CAFE / THE,THÉ,WAITING,,,,CAFE / THE,TEA
329787285,77804285,17/06/2019 10:44:04,17/06/2019 10:44:25,1,0,0,0,0,0.055,0,PRODUCT,CAFE / THE,THÉ,IN_PROGRESS,,,,CAFE / THE,TEA
6629824,1591001,16/06/2016 12:08:57,16/06/2016 12:09:35,1,0,0,0,0,0.1,0,PRODUCT,Boissons,Thé,IN_PROGRESS,,,,Drinks,Tea
4644156,1109270,24/04/2016 19:49:29,24/04/2016 20:01:33,1,0,0,0,0,0.1,0,PRODUCT,Boissons,Thé,IN_PROGRESS,,,,Drinks,Tea
73000970,14681523,13/10/2017 18:43:01,13/10/2017 18:43:15,1,0,0,0,0,0.1,0,PRODUCT,Boissons chaudes,Thé,IN_PROGRESS,,,,Hot drinks,Tea
31279042,6770718,24/03/2017 18:20:14,24/03/2017 18:47:35,1,0,0,0,0,0.1,0,PRODUCT,Boissons chaudes,Thé,IN_PROGRESS,,,,Hot drinks,Tea
35687032,7752610,25/04/2017 18:55:44,25/04/2017 18:58:25,1,0,0,0,0,0.1,0,PRODUCT,Boissons chaudes,Thé,IN_PROGRESS,,,,Hot drinks,Tea
71696885,14370399,07/10/2017 11:36:54,07/10/2017 11:37:49,1,0,0,0,0,0.1,0,PRODUCT,Boissons chaudes,Thé,IN_PROGRESS,,,,Hot drinks,Tea
31899254,6919486,29/03/2017 20:54:28,29/03/2017 20:54:45,1,0,0,0,0,0.1,0,PRODUCT,Boissons chaudes,Thé,IN_PROGRESS,,,,Hot drinks,Tea
9993741,2458373,24/08/2016 20:11:44,24/08/2016 20:11:50,1,0,0,0,0,0.1,0,PRODUCT,Boissons chaudes,Thé,IN_PROGRESS,,,,Hot drinks,Tea
28888058,6170011,03/03/2017 20:25:27,03/03/2017 20:25:41,1,0,0,0,0,0.1,0,PRODUCT,Boissons chaudes,Thé,IN_PROGRESS,,,,Hot drinks,Tea
33986904,7327032,11/04/2017 20:02:42,11/04/2017 20:30:04,1,0,0,0,0,0.1,0,PRODUCT,Boissons chaudes,Thé,IN_PROGRESS,,,,Hot drinks,Tea
9093568,2230788,02/08/2016 18:26:59,02/08/2016 18:29:19,1,0,0,0,0,0.1,0,PRODUCT,Boissons chaudes,Thé,IN_PROGRESS,,,,Hot drinks,Tea
18887606,4357265,10/12/2016 21:10:34,10/12/2016 21:13:29,1,0,0,0,0,0.1,0,PRODUCT,Boissons,Thé,IN_PROGRESS,,,,Drinks,Tea
71777888,14392250,07/10/2017 17:11:33,07/10/2017 17:14:41,1,0,0,0,0,0.1,0,PRODUCT,Boissons chaudes,Thé,IN_PROGRESS,,,,Hot drinks,Tea
74840192,15097180,21/10/2017 21:53:18,21/10/2017 22:30:04,1,0,0,0,0,0.1,0,PRODUCT,Boissons chaudes,Thé,IN_PROGRESS,,,,Hot drinks,Tea
64025269,12640929,30/08/2017 19:47:20,30/08/2017 20:00:11,1,0,0,0,0,0.1,0,PRODUCT,Boissons chaudes,Thé,IN_PROGRESS,,,,Hot drinks,Tea
9813860,2413844,20/08/2016 11:44:20,20/08/2016 11:49:22,1,0,0,0,0,0.1,0,PRODUCT,Boissons chaudes,Thé,IN_PROGRESS,,,,Hot drinks,Tea
61749878,12434743,25/08/2017 17:48:33,25/08/2017 18:00:10,1,0,0,0,0,0.1,0,PRODUCT,Boissons chaudes,Thé,IN_PROGRESS,,,,Hot drinks,Tea
12499147,3055712,02/10/2016 17:20:17,02/10/2016 18:19:36,1,0,0,0,0,0.1,0,PRODUCT,Boissons chaudes,Thé,IN_PROGRESS,,,,Hot drinks,Tea
9703185,2386288,17/08/2016 12:52:11,17/08/2016 17:15:15,1,0,0,0,0,0.1,0,PRODUCT,Boissons chaudes,Thé,IN_PROGRESS,,,,Hot drinks,Tea
9137915,2241777,03/08/2016 18:30:46,03/08/2016 18:30:57,1,0,0,0,0,0.1,0,PRODUCT,Boissons chaudes,Thé,IN_PROGRESS,,,,Hot drinks,Tea
74963295,15126632,22/10/2017 18:28:48,22/10/2017 18:39:51,1,0,0,0,0,0.1,0,PRODUCT,Boissons chaudes,Thé,IN_PROGRESS,,,,Hot drinks,Tea
46684409,10298950,02/07/2017 19:41:52,02/07/2017 19:47:07,1,0,0,0,0,0.1,0,PRODUCT,Boissons chaudes,Thé,IN_PROGRESS,,,,Hot drinks,Tea
34042263,7347432,12/04/2017 11:25:57,12/04/2017 11:27:03,1,0,0,0,0,0.1,0,PRODUCT,Boissons chaudes,Thé,IN_PROGRESS,,,,Hot drinks,Tea
33766361,7276087,09/04/2017 18:47:13,09/04/2017 18:48:31,1,0,0,0,0,0.1,0,PRODUCT,Boissons chaudes,Thé,IN_PROGRESS,,,,Hot drinks,Tea
9019857,2211495,31/07/2016 20:08:26,31/07/2016 20:08:30,1,0,0,0,0,0.1,0,PRODUCT,Boissons chaudes,Thé,IN_PROGRESS,,,,Hot drinks,Tea
38394606,8420971,16/05/2017 19:52:05,16/05/2017 19:54:18,1,0,0,0,0,0.1,0,PRODUCT,Boissons chaudes,Thé,IN_PROGRESS,,,,Hot drinks,Tea
83585191,16710827,24/11/2017 11:27:00,24/11/2017 12:06:58,1,0,0,0,0,0.1,0,PRODUCT,Boissons,Thé,IN_PROGRESS,,,,Drinks,Tea
26180827,5539319,06/02/2017 21:02:07,06/02/2017 21:02:10,1,0,0,0,0,0.1,0,PRODUCT,Boissons chaudes,Thé,IN_PROGRESS,,,,Hot drinks,Tea
13332848,3244421,13/10/2016 11:43:08,13/10/2016 11:46:07,1,0,0,0,0,0.1,0,PRODUCT,Boissons,Thé,IN_PROGRESS,,,,Drinks,Tea
84063954,16801760,25/11/2017 22:08:02,25/11/2017 22:08:24,1,0,0,0,0,0.1,0,PRODUCT,Boissons,Thé,IN_PROGRESS,,,,Drinks,Tea
30380548,6544230,17/03/2017 11:32:21,17/03/2017 11:33:15,1,0,0,0,0,0.1,0,PRODUCT,Boissons chaudes,Thé,IN_PROGRESS,,,,Hot drinks,Tea
46684420,10298950,02/07/2017 19:42:07,02/07/2017 19:47:07,1,0,0,0,0,0.1,0,PRODUCT,Boissons chaudes,Thé,IN_PROGRESS,,,,Hot drinks,Tea
5834199,1411363,30/05/2016 19:51:49,30/05/2016 19:54:49,1,0,0,0,0,0.1,0,PRODUCT,Boissons chaudes,Thé,IN_PROGRESS,,,,Hot drinks,Tea
48929228,10622039,09/07/2017 19:10:23,09/07/2017 19:10:35,1,0,0,0,0,0.1,0,PRODUCT,Boissons chaudes,Thé,IN_PROGRESS,,,,Hot drinks,Tea
40995519,9122131,03/06/2017 10:44:23,03/06/2017 12:03:21,1,0,0,0,0,0.1,0,PRODUCT,Boissons chaudes,Thé,IN_PROGRESS,,,,Hot drinks,Tea
48259300,10526508,07/07/2017 18:00:33,07/07/2017 18:05:42,1,0,0,0,0,0.1,0,PRODUCT,Boissons chaudes,Thé,IN_PROGRESS,,,,Hot drinks,Tea
16185698,3765496,11/11/2016 13:49:11,11/11/2016 13:56:45,1,0,0,0,0,0.1,0,PRODUCT,Boissons,Thé,IN_PROGRESS,,,,Drinks,Tea
35699980,7754261,25/04/2017 20:27:18,25/04/2017 20:27:29,1,0,0,0,0,0.1,0,PRODUCT,Boissons chaudes,Thé,IN_PROGRESS,,,,Hot drinks,Tea
78631808,15688860,03/11/2017 12:56:24,03/11/2017 12:59:04,1,0,0,0,0,0.1,0,PRODUCT,Boissons chaudes,Thé,IN_PROGRESS,,,,Hot drinks,Tea
28434621,6056910,27/02/2017 19:51:49,27/02/2017 19:51:59,1,0,0,0,0,0.1,0,PRODUCT,Boissons chaudes,Thé,IN_PROGRESS,,,,Hot drinks,Tea
29185846,6240220,06/03/2017 20:45:59,06/03/2017 20:47:10,1,0,0,0,0,0.1,0,PRODUCT,Boissons,Thé,IN_PROGRESS,,,,Drinks,Tea
34468679,7451441,15/04/2017 11:26:07,15/04/2017 11:37:10,1,0,0,0,0,0.1,0,PRODUCT,Boissons chaudes,Thé,IN_PROGRESS,,,,Hot drinks,Tea
52037505,11177610,22/07/2017 19:34:09,22/07/2017 19:35:53,1,0,0,0,0,0.1,0,PRODUCT,Boissons chaudes,Thé,IN_PROGRESS,,,,Hot drinks,Tea
32893182,7107351,04/04/2017 19:24:10,04/04/2017 19:29:13,1,0,0,0,0,0.1,0,PRODUCT,Boissons chaudes,Thé,IN_PROGRESS,,,,Hot drinks,Tea
31105827,6722273,23/03/2017 12:30:57,23/03/2017 12:44:41,1,0,0,0,0,0.1,0,PRODUCT,Boissons chaudes,Thé,IN_PROGRESS,,,,Hot drinks,Tea
72745315,14622948,12/10/2017 20:01:39,12/10/2017 20:04:23,1,0,0,0,0,0.1,0,PRODUCT,Boissons chaudes,Thé,IN_PROGRESS,,,,Hot drinks,Tea
33221729,7156983,06/04/2017 11:43:30,06/04/2017 11:52:00,1,0,0,0,0,0.1,0,PRODUCT,Boissons chaudes,Thé,IN_PROGRESS,,,,Hot drinks,Tea
52166891,11199108,23/07/2017 12:40:17,23/07/2017 12:40:25,1,0,0,0,0,0.1,0,PRODUCT,Boissons chaudes,Thé,IN_PROGRESS,,,,Hot drinks,Tea
37219456,8125509,07/05/2017 12:59:37,07/05/2017 13:11:21,1,0,0,0,0,0.1,0,PRODUCT,Boissons chaudes,Thé,IN_PROGRESS,,,,Hot drinks,Tea
15280422,3551801,29/10/2016 19:24:32,29/10/2016 19:24:38,1,0,0,0,0,0.1,0,PRODUCT,Boissons chaudes,Thé,IN_PROGRESS,,,,Hot drinks,Tea
32121616,6976886,31/03/2017 12:13:36,31/03/2017 12:14:12,1,0,0,0,0,0.1,0,PRODUCT,Boissons chaudes,Thé,IN_PROGRESS,,,,Hot drinks,Tea
9813855,2413844,20/08/2016 11:43:49,20/08/2016 11:49:22,1,0,0,0,0,0.1,0,PRODUCT,Boissons chaudes,Thé,IN_PROGRESS,,,,Hot drinks,Tea
66238040,13104881,09/09/2017 19:19:42,09/09/2017 19:19:51,1,0,0,0,0,0.1,0,PRODUCT,Boissons chaudes,Thé,IN_PROGRESS,,,,Hot drinks,Tea
57907442,11936816,11/08/2017 19:36:11,11/08/2017 19:36:29,1,0,0,0,0,0.1,0,PRODUCT,Boissons chaudes,Thé,IN_PROGRESS,,,,Hot drinks,Tea
54133023,11579731,01/08/2017 21:03:50,01/08/2017 21:07:04,1,0,0,0,0,0.1,0,PRODUCT,Boissons chaudes,Thé,IN_PROGRESS,,,,Hot drinks,Tea
77039092,15435187,28/10/2017 20:48:57,28/10/2017 20:49:04,1,0,0,0,0,0.1,0,PRODUCT,Boissons chaudes,Thé,IN_PROGRESS,,,,Hot drinks,Tea
11434842,2810436,17/09/2016 19:22:51,17/09/2016 19:22:57,1,0,0,0,0,0.1,0,PRODUCT,Boissons,Thé,IN_PROGRESS,,,,Drinks,Tea
40394091,8968766,30/05/2017 18:27:09,30/05/2017 18:27:31,1,0,0,0,0,0.1,0,PRODUCT,Boissons chaudes,Thé,IN_PROGRESS,,,,Hot drinks,Tea
43010622,9624988,16/06/2017 11:52:19,16/06/2017 11:57:52,1,0,0,0,0,0.1,0,PRODUCT,Boissons chaudes,Thé,IN_PROGRESS,,,,Hot drinks,Tea
25905019,5473931,03/02/2017 19:57:59,03/02/2017 20:10:53,1,0,0,0,0,0.1,0,PRODUCT,Boissons chaudes,Thé,IN_PROGRESS,,,,Hot drinks,Tea
58909404,12109755,17/08/2017 11:27:58,17/08/2017 11:28:12,1,0,0,0,0,0.1,0,PRODUCT,Boissons chaudes,Thé,IN_PROGRESS,,,,Hot drinks,Tea
13599475,3306267,16/10/2016 18:20:55,16/10/2016 18:22:43,1,0,0,0,0,0.1,0,PRODUCT,Boissons chaudes,Thé,IN_PROGRESS,,,,Hot drinks,Tea
67519936,13361013,15/09/2017 18:40:22,15/09/2017 18:40:36,1,0,0,0,0,0.1,0,PRODUCT,Boissons chaudes,Thé,IN_PROGRESS,,,,Hot drinks,Tea
5292739,1276667,15/05/2016 19:21:27,15/05/2016 19:21:31,1,0,0,0,0,0.1,0,PRODUCT,Boissons,Thé,IN_PROGRESS,,,,Drinks,Tea
15596648,3629650,03/11/2016 20:11:26,03/11/2016 20:11:32,1,0,0,0,0,0.1,0,PRODUCT,Boissons,Thé,IN_PROGRESS,,,,Drinks,Tea
82803275,16531567,20/11/2017 20:12:26,20/11/2017 20:15:27,1,0,0,0,0,0.1,0,PRODUCT,Boissons,Thé,IN_PROGRESS,,,,Drinks,Tea
4943050,1186124,04/05/2016 19:15:15,04/05/2016 19:15:26,1,0,0,0,0,0.1,0,PRODUCT,Boissons,Thé,IN_PROGRESS,,,,Drinks,Tea
43578002,9730024,18/06/2017 20:07:34,18/06/2017 20:07:40,1,0,0,0,0,0.1,0,PRODUCT,Boissons chaudes,Thé,IN_PROGRESS,,,,Hot drinks,Tea
9809649,2413003,20/08/2016 10:52:45,20/08/2016 10:53:16,1,0,0,0,0,0.1,0,PRODUCT,Boissons chaudes,Thé,IN_PROGRESS,,,,Hot drinks,Tea
52028576,11176430,22/07/2017 19:13:57,22/07/2017 19:15:16,1,0,0,0,0,0.1,0,PRODUCT,Boissons chaudes,Thé,IN_PROGRESS,,,,Hot drinks,Tea
57898008,11940257,11/08/2017 19:16:13,11/08/2017 19:16:55,1,0,0,0,0,0.1,0,PRODUCT,Boissons chaudes,Thé,IN_PROGRESS,,,,Hot drinks,Tea
17666715,4123654,30/11/2016 19:54:53,30/11/2016 19:54:57,1,0,0,0,0,0.1,0,PRODUCT,Boissons,Thé,IN_PROGRESS,,,,Drinks,Tea
71543558,14338394,06/10/2017 18:08:28,06/10/2017 18:08:55,1,0,0,0,0,0.1,0,PRODUCT,Boissons chaudes,Thé,IN_PROGRESS,,,,Hot drinks,Tea
9073070,2225236,02/08/2016 11:52:17,02/08/2016 11:54:18,1,0,0,0,0,0.1,0,PRODUCT,Boissons chaudes,Thé,IN_PROGRESS,,,,Hot drinks,Tea
7938870,1941178,09/07/2016 20:09:14,09/07/2016 20:10:27,1,0,0,0,0,0.1,0,PRODUCT,Boissons chaudes,Thé,IN_PROGRESS,,,,Hot drinks,Tea
78750668,15709870,03/11/2017 19:22:06,03/11/2017 19:22:14,1,0,0,0,0,0.1,0,PRODUCT,Boissons chaudes,Thé,IN_PROGRESS,,,,Hot drinks,Tea
17869980,4172385,02/12/2016 21:53:30,02/12/2016 21:56:39,1,0,0,0,0,0.1,0,PRODUCT,Boissons,Thé,IN_PROGRESS,,,,Drinks,Tea
8134237,1992290,13/07/2016 18:07:06,13/07/2016 18:07:25,1,0,0,0,0,0.1,0,PRODUCT,Boissons chaudes,Thé,IN_PROGRESS,,,,Hot drinks,Tea
53801142,11540447,31/07/2017 20:47:07,31/07/2017 20:47:13,1,0,0,0,0,0.1,0,PRODUCT,Boissons chaudes,Thé,IN_PROGRESS,,,,Hot drinks,Tea
65782587,13029222,08/09/2017 11:12:47,08/09/2017 11:13:02,1,0,0,0,0,0.1,0,PRODUCT,Boissons chaudes,Thé,IN_PROGRESS,,,,Hot drinks,Tea
16541563,3846576,16/11/2016 13:12:37,16/11/2016 13:13:17,1,0,0,0,0,0.1,0,PRODUCT,Boissons,Thé,IN_PROGRESS,,,,Drinks,Tea
17443971,4064867,27/11/2016 12:23:47,27/11/2016 12:24:32,1,0,0,0,0,0.1,0,PRODUCT,Boissons chaudes,Thé,IN_PROGRESS,,,,Hot drinks,Tea
49139613,10652770,10/07/2017 20:00:15,10/07/2017 20:37:30,1,0,0,0,0,0.1,0,PRODUCT,Boissons chaudes,Thé,IN_PROGRESS,,,,Hot drinks,Tea
41316173,9196247,05/06/2017 20:29:56,05/06/2017 20:31:58,1,0,0,0,0,0.1,0,PRODUCT,Boissons,Thé,IN_PROGRESS,,,,Drinks,Tea
77007227,15435144,28/10/2017 19:38:42,28/10/2017 19:38:53,1,0,0,0,0,0.1,0,PRODUCT,Boissons chaudes,Thé,IN_PROGRESS,,,,Hot drinks,Tea
83441787,16680745,23/11/2017 19:22:30,23/11/2017 19:23:50,1,0,0,0,0,0.1,0,PRODUCT,Boissons,Thé,IN_PROGRESS,,,,Drinks,Tea
13530721,3291538,15/10/2016 18:06:44,15/10/2016 18:07:06,1,0,0,0,0,0.1,0,PRODUCT,Boissons,Thé,IN_PROGRESS,,,,Drinks,Tea
26223907,5551355,07/02/2017 12:29:59,07/02/2017 12:39:33,1,0,0,0,0,0.1,0,PRODUCT,Boissons chaudes,Thé,IN_PROGRESS,,,,Hot drinks,Tea
48806223,10607037,09/07/2017 11:15:58,09/07/2017 11:41:14,1,0,0,0,0,0.1,0,PRODUCT,Boissons,Thé,IN_PROGRESS,,,,Drinks,Tea
40747833,9057896,01/06/2017 20:13:51,01/06/2017 20:14:38,1,0,0,0,0,0.1,0,PRODUCT,Boissons chaudes,Thé,IN_PROGRESS,,,,Hot drinks,Tea
4634850,1107166,24/04/2016 10:20:45,24/04/2016 10:20:51,1,0,0,0,0,0.1,0,PRODUCT,Boissons,Thé,IN_PROGRESS,,,,Drinks,Tea
40506834,8988332,31/05/2017 11:59:30,31/05/2017 12:00:35,1,0,0,0,0,0.1,0,PRODUCT,Boissons chaudes,Thé,IN_PROGRESS,,,,Hot drinks,Tea
22449715,4874606,07/01/2017 20:36:03,07/01/2017 20:36:10,1,0,0,0,0,0.1,0,PRODUCT,Boissons,Thé,IN_PROGRESS,,,,Drinks,Tea
33585510,7231956,08/04/2017 12:12:35,08/04/2017 12:14:10,1,0,0,0,0,0.1,0,PRODUCT,Boissons chaudes,Thé,IN_PROGRESS,,,,Hot drinks,Tea
51672725,11107880,21/07/2017 12:21:00,21/07/2017 12:35:01,1,0,0,0,0,0.1,0,PRODUCT,Boissons chaudes,Thé,IN_PROGRESS,,,,Hot drinks,Tea
4594386,1097645,22/04/2016 19:31:55,22/04/2016 19:34:58,1,0,0,0,0,0.1,0,PRODUCT,Boissons chaudes,Thé,IN_PROGRESS,,,,Hot drinks,Tea
28933859,6180922,04/03/2017 11:30:12,04/03/2017 11:31:39,1,0,0,0,0,0.1,0,PRODUCT,Boissons chaudes,Thé,IN_PROGRESS,,,,Hot drinks,Tea
85982493,17247261,05/12/2017 12:04:01,05/12/2017 12:06:17,1,0,0,0,0,0.1,0,PRODUCT,Boissons,Thé,IN_PROGRESS,,,,Drinks,Tea
10592312,2604510,04/09/2016 19:46:22,04/09/2016 19:49:38,1,0,0,0,0,0.1,0,PRODUCT,Boissons,Thé,IN_PROGRESS,,,,Drinks,Tea
9748313,2397680,18/08/2016 18:04:58,18/08/2016 18:17:33,1,0,0,0,0,0.1,0,PRODUCT,Boissons chaudes,Thé,IN_PROGRESS,,,,Hot drinks,Tea
27281806,5776255,16/02/2017 14:02:37,16/02/2017 14:03:37,1,0,0,0,0,0.1,0,PRODUCT,Boissons chaudes,Thé,IN_PROGRESS,,,,Hot drinks,Tea
59302271,12177688,19/08/2017 10:46:51,19/08/2017 10:56:51,1,0,0,0,0,0.1,0,PRODUCT,Boissons chaudes,Thé,IN_PROGRESS,,,,Hot drinks,Tea
35581965,7725450,24/04/2017 20:26:33,24/04/2017 20:26:49,1,0,0,0,0,0.1,0,PRODUCT,Boissons chaudes,Thé,IN_PROGRESS,,,,Hot drinks,Tea
10578041,2600043,04/09/2016 12:34:16,04/09/2016 12:36:59,1,0,0,0,0,0.1,0,PRODUCT,Boissons chaudes,Thé,IN_PROGRESS,,,,Hot drinks,Tea
17163404,3994200,24/11/2016 12:34:48,24/11/2016 12:34:52,1,0,0,0,0,0.1,0,PRODUCT,Boissons,Thé,IN_PROGRESS,,,,Drinks,Tea
4260142,1012343,12/04/2016 12:52:46,12/04/2016 12:54:28,1,0,0,0,0,0.1,0,PRODUCT,Boissons,Thé,IN_PROGRESS,,,,Drinks,Tea
79803106,15922852,08/11/2017 13:39:42,08/11/2017 13:44:02,1,0,0,0,0,0.1,0,PRODUCT,Boissons chaudes,Thé,IN_PROGRESS,,,,Hot drinks,Tea
20835394,4748105,31/12/2016 22:11:33,31/12/2016 22:22:59,1,0,0,0,0,0.1,0,PRODUCT,Boissons,Thé,IN_PROGRESS,,,,Drinks,Tea
57858128,11936807,11/08/2017 18:00:54,11/08/2017 18:06:23,1,0,0,0,0,0.1,0,PRODUCT,Boissons chaudes,Thé,IN_PROGRESS,,,,Hot drinks,Tea
14786188,3450450,24/10/2016 19:33:24,24/10/2016 19:33:27,1,0,0,0,0,0.1,0,PRODUCT,Boissons,Thé,IN_PROGRESS,,,,Drinks,Tea
27500379,5829944,18/02/2017 12:35:52,18/02/2017 12:45:13,1,0,0,0,0,0.1,0,PRODUCT,Boissons chaudes,Thé,IN_PROGRESS,,,,Hot drinks,Tea
15929209,3708564,08/11/2016 12:02:47,08/11/2016 12:14:09,1,0,0,0,0,0.1,0,PRODUCT,Boissons,Thé,IN_PROGRESS,,,,Drinks,Tea
11600274,2850925,20/09/2016 17:49:01,20/09/2016 17:53:57,1,0,0,0,0,0.1,0,PRODUCT,Boissons,Thé,IN_PROGRESS,,,,Drinks,Tea
76625400,15372598,27/10/2017 19:28:20,27/10/2017 19:28:33,1,0,0,0,0,0.1,0,PRODUCT,Boissons chaudes,Thé,IN_PROGRESS,,,,Hot drinks,Tea
5181754,1247367,12/05/2016 12:20:44,12/05/2016 12:22:45,1,0,0,0,0,0.1,0,PRODUCT,Boissons,Thé,IN_PROGRESS,,,,Drinks,Tea
20772812,4733161,30/12/2016 19:18:14,30/12/2016 19:18:38,1,0,0,0,0,0.1,0,PRODUCT,Boissons,Thé,IN_PROGRESS,,,,Drinks,Tea
12192353,2982975,28/09/2016 17:57:04,28/09/2016 17:57:09,1,0,0,0,0,0.1,0,PRODUCT,Boissons,Thé,IN_PROGRESS,,,,Drinks,Tea
29075399,6210788,05/03/2017 12:55:43,05/03/2017 13:00:15,1,0,0,0,0,0.1,0,PRODUCT,Boissons chaudes,Thé,IN_PROGRESS,,,,Hot drinks,Tea
67216690,13288296,14/09/2017 12:17:39,14/09/2017 12:17:45,1,0,0,0,0,0.1,0,PRODUCT,Boissons chaudes,Thé,IN_PROGRESS,,,,Hot drinks,Tea
79450778,15839629,06/11/2017 19:01:57,06/11/2017 19:09:42,1,0,0,0,0,0.1,0,PRODUCT,Boissons chaudes,Thé,IN_PROGRESS,,,,Hot drinks,Tea
78938526,15736178,04/11/2017 12:57:02,04/11/2017 12:57:06,1,0,0,0,0,0.1,0,PRODUCT,Boissons chaudes,Thé,IN_PROGRESS,,,,Hot drinks,Tea
73209982,14716271,14/10/2017 13:04:25,14/10/2017 13:25:40,1,0,0,0,0,0.1,0,PRODUCT,Boissons,Thé,IN_PROGRESS,,,,Drinks,Tea
22584268,4883737,08/01/2017 13:55:48,08/01/2017 13:57:35,1,0,0,0,0,0.1,0,PRODUCT,Boissons,Thé,IN_PROGRESS,,,,Drinks,Tea
43554058,9728615,18/06/2017 19:17:22,18/06/2017 19:19:15,1,0,0,0,0,0.1,0,PRODUCT,Boissons chaudes,Thé,IN_PROGRESS,,,,Hot drinks,Tea
25439639,5358143,29/01/2017 20:54:31,29/01/2017 20:55:10,1,0,0,0,0,0.1,0,PRODUCT,Boissons chaudes,Thé,IN_PROGRESS,,,,Hot drinks,Tea
26363011,5586387,08/02/2017 20:16:22,08/02/2017 20:16:36,1,0,0,0,0,0.1,0,PRODUCT,Boissons chaudes,Thé,IN_PROGRESS,,,,Hot drinks,Tea
26078807,5511893,05/02/2017 13:47:09,05/02/2017 13:53:39,1,0,0,0,0,0.1,0,PRODUCT,Boissons,Thé,IN_PROGRESS,,,,Drinks,Tea
6560844,1574050,15/06/2016 10:18:29,15/06/2016 10:18:37,1,0,0,0,0,0.1,0,PRODUCT,Boissons,Thé,IN_PROGRESS,,,,Drinks,Tea
35437566,7689193,23/04/2017 10:49:23,23/04/2017 10:49:30,1,0,0,0,0,0.1,0,PRODUCT,Boissons chaudes,Thé,IN_PROGRESS,,,,Hot drinks,Tea
307979721,72446057,14/05/2019 13:33:42,14/05/2019 13:33:42,1,0,0,0,0,0,0,OPTION,GOUT GLACE,cafe,IN_PROGRESS,Restauration,,,ICE TASTE,coffee
300514860,70608032,01/05/2019 13:49:04,01/05/2019 13:49:04,1,0,0,0,0,0,0,OPTION,GOUT GLACE,coco,IN_PROGRESS,Restauration,,,ICE TASTE,coconut
310426891,73068706,18/05/2019 10:44:56,18/05/2019 10:44:56,1,0,0,0,0,0,0,OPTION,GOUT GLACE,coco,IN_PROGRESS,Restauration,,,ICE TASTE,coconut
120575292,25432301,07/04/2018 13:45:06,07/04/2018 13:45:23,1,0,0,0,0,0.1,0,PRODUCT,Brunch,Œuf,IN_PROGRESS,,,,Brunch,Egg
113175615,23654431,17/03/2018 12:00:38,17/03/2018 12:00:47,1,0,0,0,0,0.1,0,PRODUCT,Brunch,Œuf,IN_PROGRESS,,,,Brunch,Egg
152553142,33623824,30/06/2018 12:03:25,30/06/2018 12:07:23,1,0,0,0,0,0.1,0,PRODUCT,Brunch,Œuf,IN_PROGRESS,,,,Brunch,Egg
102446964,21057603,10/02/2018 13:22:56,10/02/2018 13:24:21,1,0,0,0,0,0.1,0,PRODUCT,Brunch,Œuf,IN_PROGRESS,,,,Brunch,Egg
138173504,29912919,26/05/2018 11:48:11,26/05/2018 12:11:34,1,0,0,0,0,0.1,0,PRODUCT,Brunch,Œuf,IN_PROGRESS,,,,Brunch,Egg
128394708,27395160,28/04/2018 11:50:06,28/04/2018 11:50:43,1,0,0,0,0,0.1,0,PRODUCT,Brunch,Œuf,IN_PROGRESS,,,,Brunch,Egg
108859371,22547073,03/03/2018 13:45:54,03/03/2018 13:51:37,1,0,0,0,0,0.1,0,PRODUCT,Brunch,Œuf,IN_PROGRESS,,,,Brunch,Egg
80640037,16083173,11/11/2017 13:26:23,11/11/2017 13:26:33,1,0,0,0,0,0.1,0,PRODUCT,Brunch,Œuf,WAITING,,,,Brunch,Egg
115587076,24223644,24/03/2018 12:30:13,24/03/2018 12:32:43,1,0,0,0,0,0.1,0,PRODUCT,Brunch,Œuf,IN_PROGRESS,,,,Brunch,Egg
80624354,16080253,11/11/2017 12:32:35,11/11/2017 12:40:06,1,0,0,0,0,0.1,0,PRODUCT,Brunch,Œuf,WAITING_SENT,,,,Brunch,Egg
138211731,29921582,26/05/2018 13:26:14,26/05/2018 13:26:39,1,0,0,0,0,0.1,0,PRODUCT,Brunch,Œuf,WAITING,,,,Brunch,Egg
133278315,28621221,12/05/2018 12:41:24,12/05/2018 12:41:27,1,0,0,0,0,0.1,0,PRODUCT,Brunch,Œuf,WAITING,,,,Brunch,Egg
152487612,33610242,30/06/2018 10:37:41,30/06/2018 10:44:29,1,0,0,0,0,0.1,0,PRODUCT,Brunch,Œuf,IN_PROGRESS,,,,Brunch,Egg
104844093,21578489,17/02/2018 13:45:39,17/02/2018 13:53:54,1,0,0,0,0,0.1,0,PRODUCT,Brunch,Œuf,IN_PROGRESS,,,,Brunch,Egg
128427794,27395778,28/04/2018 12:43:59,28/04/2018 12:44:48,1,0,0,0,0,0.1,0,PRODUCT,Brunch,Œuf,IN_PROGRESS,,,,Brunch,Egg
102513375,21075501,10/02/2018 16:40:40,10/02/2018 16:40:44,1,0,0,0,0,0.1,0,PRODUCT,Brunch,Œuf,WAITING,,,,Brunch,Egg
123223346,26079019,14/04/2018 13:02:03,14/04/2018 13:02:08,1,0,0,0,0,0.1,0,PRODUCT,Brunch,Œuf,IN_PROGRESS,,,,Brunch,Egg
108789886,22533368,03/03/2018 11:34:07,03/03/2018 11:43:47,1,0,0,0,0,0.1,0,PRODUCT,Brunch,Œuf,IN_PROGRESS,,,,Brunch,Egg
113192280,23657715,17/03/2018 12:11:25,17/03/2018 12:27:15,1,0,0,0,0,0.1,0,PRODUCT,Brunch,Œuf,IN_PROGRESS,,,,Brunch,Egg
98416808,20118420,27/01/2018 11:11:23,27/01/2018 11:23:14,1,0,0,0,0,0.1,0,PRODUCT,Brunch,Œuf,IN_PROGRESS,,,,Brunch,Egg
104853565,21580754,17/02/2018 14:13:16,17/02/2018 14:21:40,1,0,0,0,0,0.1,0,PRODUCT,Brunch,Œuf,IN_PROGRESS,,,,Brunch,Egg
133246270,28614708,12/05/2018 11:38:02,12/05/2018 11:45:55,1,0,0,0,0,0.1,0,PRODUCT,Brunch,Œuf,IN_PROGRESS,,,,Brunch,Egg
80615897,16076249,11/11/2017 12:17:25,11/11/2017 12:17:55,1,0,0,0,0,0.1,0,PRODUCT,Brunch,Œuf,WAITING,,,,Brunch,Egg
131784920,28247631,08/05/2018 11:51:05,08/05/2018 11:51:13,1,0,0,0,0,0.1,0,PRODUCT,Brunch,Œuf,IN_PROGRESS,,,,Brunch,Egg
128355220,27387504,28/04/2018 10:48:11,28/04/2018 10:55:42,1,0,0,0,0,0.1,0,PRODUCT,Brunch,Œuf,IN_PROGRESS,,,,Brunch,Egg
83870398,16766979,25/11/2017 11:35:10,25/11/2017 11:41:53,1,0,0,0,0,0.1,0,PRODUCT,Brunch,Œuf,IN_PROGRESS,,,,Brunch,Egg
80624338,16080253,11/11/2017 12:32:35,11/11/2017 12:40:06,1,0,0,0,0,0.1,0,PRODUCT,Brunch,Œuf,WAITING_SENT,,,,Brunch,Egg
132443492,28413578,10/05/2018 11:20:28,10/05/2018 11:35:07,1,0,0,0,0,0.1,0,PRODUCT,Brunch,Œuf,IN_PROGRESS,,,,Brunch,Egg
142646726,31071904,07/06/2018 10:52:33,07/06/2018 10:53:01,1,0,0,0,0,0.1,0,PRODUCT,BOISSONS FRAICHES,BOOST,IN_PROGRESS,,,,COLD DRINKS,BOOST
97199812,19822855,23/01/2018 11:10:12,23/01/2018 11:12:37,1,0,0,0,0,0.1,0,PRODUCT,BOISSONS FRAICHES,BOOST,IN_PROGRESS,,,,COLD DRINKS,BOOST
110540096,22975984,09/03/2018 11:30:28,09/03/2018 11:33:21,1,0,0,0,0,0.1,0,PRODUCT,BOISSONS FRAICHES,BOOST,IN_PROGRESS,,,,COLD DRINKS,BOOST
29025384,6200129,04/03/2017 20:49:38,04/03/2017 20:49:38,1,0,0,0,0,0.2,0,OPTION,Martini 15 cl,Blanc,WAITING,,,,Martini 15 cl,White
19505222,4457972,15/12/2016 19:02:15,15/12/2016 19:02:15,1,0,0,0,0,0.2,0,OPTION,Martini 15 cl,Blanc,WAITING,,,,Martini 15 cl,White
32522109,7055758,02/04/2017 18:49:24,02/04/2017 18:49:24,1,0,0,0,0,0.2,0,OPTION,Martini 15 cl,Blanc,WAITING,,,,Martini 15 cl,White
12281027,3004479,29/09/2016 19:42:02,29/09/2016 19:42:02,1,0,0,0,0,0.2,0,OPTION,Martini 15 cl,Blanc,WAITING,,,,Martini 15 cl,White
236693079,54597649,04/01/2019 12:31:09,04/01/2019 12:32:09,1,0,0,0,0,0.055,0,PRODUCT,FOCACCIA A EMPORTER,CAPRI,IN_PROGRESS,,,,FOCACCIA TO TAKE AWAY,CAPRI
292095753,68568412,17/04/2019 11:30:55,17/04/2019 11:30:58,1,0,0,0,0,0.055,0,PRODUCT,FOCACCIA A EMPORTER,CAPRI,IN_PROGRESS,,,,FOCACCIA TO TAKE AWAY,CAPRI
194541780,43844972,02/10/2018 16:19:14,02/10/2018 16:19:29,1,0,0,0,0,0.055,0,PRODUCT,FOCACCIA A EMPORTER,CAPRI,IN_PROGRESS,,,,FOCACCIA TO TAKE AWAY,CAPRI
195795850,44183416,05/10/2018 10:47:33,05/10/2018 10:56:28,1,0,0,0,0,0.055,0,PRODUCT,FOCACCIA A EMPORTER,CAPRI,IN_PROGRESS,,,,FOCACCIA TO TAKE AWAY,CAPRI
181131336,40467802,04/09/2018 16:24:37,04/09/2018 16:25:06,1,0,0,0,0,0.055,0,PRODUCT,FOCACCIA A EMPORTER,CAPRI,IN_PROGRESS,,,,FOCACCIA TO TAKE AWAY,CAPRI
239764799,55396675,11/01/2019 12:47:45,11/01/2019 12:48:09,1,0,0,0,0,0.055,0,PRODUCT,FOCACCIA A EMPORTER,CAPRI,IN_PROGRESS,,,,FOCACCIA TO TAKE AWAY,CAPRI
194541805,43844972,02/10/2018 16:19:08,02/10/2018 16:19:30,1,0,0,0,0,0.055,0,PRODUCT,FOCACCIA A EMPORTER,CAPRI,IN_PROGRESS,,,,FOCACCIA TO TAKE AWAY,CAPRI
515540184,113877040,20/01/2020 11:57:58,20/01/2020 12:49:55,1,0,0,0,0,0.1,0,PRODUCT,BOISSONS FRAICHES,CIDRE,DONE,,UNIT,UNIT,COLD DRINKS,CIDER
510637015,113158873,16/01/2020 12:07:07,16/01/2020 12:56:22,1,0,0,0,0,0.1,0,PRODUCT,BOISSONS FRAICHES,CIDRE,DONE,,UNIT,UNIT,COLD DRINKS,CIDER
466096905,106755405,05/12/2019 12:27:20,05/12/2019 13:11:47,1,0,0,0,0,0.1,0,PRODUCT,BOISSONS FRAICHES,CIDRE,DONE,,UNIT,UNIT,COLD DRINKS,CIDER
442472569,102984927,13/11/2019 11:50:13,13/11/2019 12:45:12,1,0,0,0,0,0.1,0,PRODUCT,BOISSONS FRAICHES,CIDRE,DONE,,UNIT,UNIT,COLD DRINKS,CIDER
536287291,117710957,11/02/2020 11:28:31,11/02/2020 11:28:46,1,0,0,0,0,0.1,0,PRODUCT,BOISSONS FRAICHES,CIDRE,DONE,,UNIT,UNIT,COLD DRINKS,CIDER
501901713,111794022,08/01/2020 11:43:35,08/01/2020 12:15:03,1,0,0,0,0,0.1,0,PRODUCT,BOISSONS FRAICHES,CIDRE,DONE,,UNIT,UNIT,COLD DRINKS,CIDER
413800050,97330466,11/10/2019 10:00:02,11/10/2019 10:00:27,1,0,0,0,0,0.1,0,PRODUCT,BOISSONS FRAICHES,CIDRE,DONE,,UNIT,UNIT,COLD DRINKS,CIDER
480483233,108938357,18/12/2019 12:04:20,18/12/2019 12:35:40,1,0,0,0,0,0.1,0,PRODUCT,BOISSONS FRAICHES,CIDRE,DONE,,UNIT,UNIT,COLD DRINKS,CIDER
541772022,118867548,17/02/2020 11:44:22,17/02/2020 11:44:41,1,0,0,0,0,0.1,0,PRODUCT,BOISSONS FRAICHES,CIDRE,DONE,,UNIT,UNIT,COLD DRINKS,CIDER
519586465,114528988,24/01/2020 11:30:14,24/01/2020 12:30:17,1,0,0,0,0,0.1,0,PRODUCT,BOISSONS FRAICHES,CIDRE,DONE,,UNIT,UNIT,COLD DRINKS,CIDER
360895926,85154911,30/07/2019 10:46:30,30/07/2019 12:29:41,1,0,0,0,0,0.1,0,PRODUCT,BOISSONS FRAICHES,CIDRE,DONE,,UNIT,UNIT,COLD DRINKS,CIDER
509512070,112977360,15/01/2020 11:55:40,15/01/2020 12:49:04,1,0,0,0,0,0.1,0,PRODUCT,BOISSONS FRAICHES,CIDRE,DONE,,UNIT,UNIT,COLD DRINKS,CIDER
435362429,101828724,06/11/2019 12:09:09,06/11/2019 12:46:22,1,0,0,0,0,0.1,0,PRODUCT,BOISSONS FRAICHES,CIDRE,DONE,,UNIT,UNIT,COLD DRINKS,CIDER
424405134,99816660,25/10/2019 10:38:08,25/10/2019 11:32:34,1,0,0,0,0,0.1,0,PRODUCT,BOISSONS FRAICHES,CIDRE,DONE,,UNIT,UNIT,COLD DRINKS,CIDER
433676759,101512216,04/11/2019 12:01:01,04/11/2019 12:50:48,1,0,0,0,0,0.1,0,PRODUCT,BOISSONS FRAICHES,CIDRE,DONE,,UNIT,UNIT,COLD DRINKS,CIDER
436415451,102029591,07/11/2019 12:50:51,07/11/2019 13:14:52,1,0,0,0,0,0.1,0,PRODUCT,BOISSONS FRAICHES,CIDRE,DONE,,UNIT,UNIT,COLD DRINKS,CIDER
465038827,106576402,04/12/2019 11:58:28,04/12/2019 12:53:25,1,0,0,0,0,0.1,0,PRODUCT,BOISSONS FRAICHES,CIDRE,DONE,,UNIT,UNIT,COLD DRINKS,CIDER
535684937,117557618,10/02/2020 11:07:06,10/02/2020 11:07:27,1,0,0,0,0,0.1,0,PRODUCT,BOISSONS FRAICHES,CIDRE,DONE,,UNIT,UNIT,COLD DRINKS,CIDER
449630853,104174582,20/11/2019 12:28:23,20/11/2019 13:09:07,1,0,0,0,0,0.1,0,PRODUCT,BOISSONS FRAICHES,CIDRE,DONE,,UNIT,UNIT,COLD DRINKS,CIDER
428344472,100667397,30/10/2019 11:13:18,30/10/2019 12:54:25,1,0,0,0,0,0.1,0,PRODUCT,BOISSONS FRAICHES,CIDRE,DONE,,UNIT,UNIT,COLD DRINKS,CIDER
361564425,85322417,31/07/2019 10:42:21,31/07/2019 11:51:50,1,0,0,0,0,0.1,0,PRODUCT,BOISSONS FRAICHES,CIDRE,DONE,,UNIT,UNIT,COLD DRINKS,CIDER
538040959,118101052,13/02/2020 12:21:11,13/02/2020 12:21:24,1,0,0,0,0,0.1,0,PRODUCT,BOISSONS FRAICHES,CIDRE,DONE,,UNIT,UNIT,COLD DRINKS,CIDER
502105611,111831741,08/01/2020 13:34:03,08/01/2020 14:10:10,1,0,0,0,0,0.1,0,PRODUCT,BOISSONS FRAICHES,CIDRE,DONE,,UNIT,UNIT,COLD DRINKS,CIDER
459307505,105731046,29/11/2019 12:10:24,29/11/2019 13:03:53,1,0,0,0,0,0.1,0,PRODUCT,BOISSONS FRAICHES,CIDRE,DONE,,UNIT,UNIT,COLD DRINKS,CIDER
456968537,105343164,27/11/2019 11:46:56,27/11/2019 12:50:28,1,0,0,0,0,0.1,0,PRODUCT,BOISSONS FRAICHES,CIDRE,DONE,,UNIT,UNIT,COLD DRINKS,CIDER
434375158,101653014,05/11/2019 12:01:39,05/11/2019 12:27:52,1,0,0,0,0,0.1,0,PRODUCT,BOISSONS FRAICHES,CIDRE,DONE,,UNIT,UNIT,COLD DRINKS,CIDER
482986775,109307368,20/12/2019 11:45:22,20/12/2019 12:38:23,1,0,0,0,0,0.1,0,PRODUCT,BOISSONS FRAICHES,CIDRE,DONE,,UNIT,UNIT,COLD DRINKS,CIDER
361524049,85341017,31/07/2019 11:26:36,31/07/2019 11:27:15,1,0,0,0,0,0.1,0,PRODUCT,BOISSONS FRAICHES,CIDRE,DONE,,UNIT,UNIT,COLD DRINKS,CIDER
361508440,85336591,31/07/2019 11:15:49,31/07/2019 11:18:22,1,0,0,0,0,0.1,0,PRODUCT,BOISSONS FRAICHES,CIDRE,DONE,,UNIT,UNIT,COLD DRINKS,CIDER
544934493,119576800,21/02/2020 11:43:27,21/02/2020 11:43:52,1,0,0,0,0,0.1,0,PRODUCT,BOISSONS FRAICHES,CIDRE,DONE,,UNIT,UNIT,COLD DRINKS,CIDER
407204667,95725590,02/10/2019 11:48:28,02/10/2019 12:17:13,1,0,0,0,0,0.1,0,PRODUCT,BOISSONS FRAICHES,CIDRE,DONE,,UNIT,UNIT,COLD DRINKS,CIDER
531381773,116639202,05/02/2020 12:10:38,05/02/2020 12:11:37,1,0,0,0,0,0.1,0,PRODUCT,BOISSONS FRAICHES,CIDRE,DONE,,UNIT,UNIT,COLD DRINKS,CIDER
515630125,113896210,20/01/2020 12:53:25,20/01/2020 13:56:08,1,0,0,0,0,0.1,0,PRODUCT,BOISSONS FRAICHES,CIDRE,DONE,,UNIT,UNIT,COLD DRINKS,CIDER
144997384,31686314,13/06/2018 11:16:52,13/06/2018 11:19:31,1,0,0,0,0,0.1,0,PRODUCT,FOCACCIA SUR PLACE,Capri,IN_PROGRESS,,,,FOCACCIA SUR PLACE,capri
163380223,36326603,24/07/2018 11:51:22,24/07/2018 11:52:09,1,0,0,0,0,0.055,0,PRODUCT,FOCACCIA A EMPORTER,Capri,IN_PROGRESS,,,,FOCACCIA TO TAKE AWAY,capri
144993214,31685296,13/06/2018 11:15:47,13/06/2018 11:16:10,1,0,0,0,0,0.055,0,PRODUCT,FOCACCIA A EMPORTER,Capri,IN_PROGRESS,,,,FOCACCIA TO TAKE AWAY,capri
144675851,31597955,12/06/2018 12:20:06,12/06/2018 12:20:32,1,0,0,0,0,0.1,0,PRODUCT,FOCACCIA SUR PLACE,Capri,IN_PROGRESS,,,,FOCACCIA SUR PLACE,capri
156451747,34609484,09/07/2018 10:27:10,09/07/2018 10:27:42,1,0,0,0,0,0.055,0,PRODUCT,FOCACCIA A EMPORTER,Capri,IN_PROGRESS,,,,FOCACCIA TO TAKE AWAY,capri
148869184,32693654,22/06/2018 10:29:57,22/06/2018 10:30:50,1,0,0,0,0,0.055,0,PRODUCT,FOCACCIA A EMPORTER,Capri,IN_PROGRESS,,,,FOCACCIA TO TAKE AWAY,capri
144675602,31597891,12/06/2018 12:19:19,12/06/2018 12:19:56,1,0,0,0,0,0.1,0,PRODUCT,FOCACCIA SUR PLACE,Capri,IN_PROGRESS,,,,FOCACCIA SUR PLACE,capri
157322047,34838602,11/07/2018 10:44:07,11/07/2018 10:44:44,1,0,0,0,0,0.055,0,PRODUCT,FOCACCIA A EMPORTER,Capri,IN_PROGRESS,,,,FOCACCIA TO TAKE AWAY,capri
147502563,32335323,19/06/2018 11:12:03,19/06/2018 11:12:31,1,0,0,0,0,0.055,0,PRODUCT,FOCACCIA A EMPORTER,Capri,IN_PROGRESS,,,,FOCACCIA TO TAKE AWAY,capri
163346991,36319704,24/07/2018 11:20:01,24/07/2018 11:20:11,1,0,0,0,0,0.055,0,PRODUCT,FOCACCIA A EMPORTER,Capri,IN_PROGRESS,,,,FOCACCIA TO TAKE AWAY,capri
145001120,31687167,13/06/2018 11:21:25,13/06/2018 11:22:28,1,0,0,0,0,0.055,0,PRODUCT,FOCACCIA A EMPORTER,Capri,IN_PROGRESS,,,,FOCACCIA TO TAKE AWAY,capri
151445038,33350216,28/06/2018 10:43:29,28/06/2018 10:43:54,1,0,0,0,0,0.055,0,PRODUCT,FOCACCIA A EMPORTER,Capri,IN_PROGRESS,,,,FOCACCIA TO TAKE AWAY,capri
169819859,37856174,08/08/2018 11:06:35,08/08/2018 11:06:58,1,0,0,0,0,0.055,0,PRODUCT,FOCACCIA A EMPORTER,Capri,IN_PROGRESS,,,,FOCACCIA TO TAKE AWAY,capri
145868557,31920167,15/06/2018 11:29:57,15/06/2018 11:30:13,1,0,0,0,0,0.055,0,PRODUCT,FOCACCIA A EMPORTER,Capri,IN_PROGRESS,,,,FOCACCIA TO TAKE AWAY,capri
169465324,37770934,07/08/2018 11:25:22,07/08/2018 11:26:06,1,0,0,0,0,0.055,0,PRODUCT,FOCACCIA A EMPORTER,Capri,IN_PROGRESS,,,,FOCACCIA TO TAKE AWAY,capri
166086871,36972352,30/07/2018 10:57:05,30/07/2018 10:58:11,1,0,0,0,0,0.055,0,PRODUCT,FOCACCIA A EMPORTER,Capri,IN_PROGRESS,,,,FOCACCIA TO TAKE AWAY,capri
159739502,35438305,16/07/2018 10:59:16,16/07/2018 10:59:22,1,0,0,0,0,0.055,0,PRODUCT,FOCACCIA A EMPORTER,Capri,IN_PROGRESS,,,,FOCACCIA TO TAKE AWAY,capri
150979477,33227788,27/06/2018 10:47:33,27/06/2018 10:48:30,1,0,0,0,0,0.055,0,PRODUCT,FOCACCIA A EMPORTER,Capri,IN_PROGRESS,,,,FOCACCIA TO TAKE AWAY,capri
235512302,54294577,31/12/2018 20:44:44,31/12/2018 20:44:49,1,0,0,0,0,0.2,0,PRODUCT,Champagne,Coupe,WAITING_SENT,,,,Champagne,Cut
235512321,54294577,31/12/2018 20:44:44,31/12/2018 20:44:50,1,0,0,0,0,0.2,0,PRODUCT,Champagne,Coupe,WAITING_SENT,,,,Champagne,Cut
235504574,54293481,31/12/2018 20:14:04,31/12/2018 20:14:12,1,0,0,0,0,0.2,0,PRODUCT,Champagne,Coupe,WAITING_SENT,,,,Champagne,Cut
224851748,51640831,07/12/2018 12:05:33,07/12/2018 12:06:25,1,0,0,0,0,0.1,0,PRODUCT,WRAP DE SARRASIN,DINAN,IN_PROGRESS,,,,BUCKWHEAT WRAP,DINAN
97264396,19839088,23/01/2018 12:29:07,23/01/2018 12:29:50,1,0,0,0,0,0.1,0,PRODUCT,BREIZH'N'ROLL,DINAN,IN_PROGRESS,,,,BREIZH&#39;N&#39;ROLL,DINAN
322968459,76164937,07/06/2019 11:06:06,07/06/2019 11:06:17,1,0,0,0,0,0.1,0,PRODUCT,WRAP DE SARRASIN,DINAN,IN_PROGRESS,,,,BUCKWHEAT WRAP,DINAN
220441487,50506345,28/11/2018 11:42:02,28/11/2018 11:46:25,1,0,0,0,0,0.1,0,PRODUCT,WRAP DE SARRASIN,DINAN,IN_PROGRESS,,,,BUCKWHEAT WRAP,DINAN
384491039,90680463,04/09/2019 11:35:11,04/09/2019 11:37:00,1,0,0,0,0,0.1,0,PRODUCT,WRAP DE SARRASIN,DINAN,DONE,,UNIT,UNIT,BUCKWHEAT WRAP,DINAN
334926319,79060775,24/06/2019 12:55:40,24/06/2019 12:56:28,1,0,0,0,0,0.1,0,PRODUCT,WRAP DE SARRASIN,DINAN,WAITING,,,,BUCKWHEAT WRAP,DINAN
197327325,44559161,08/10/2018 11:06:26,08/10/2018 11:09:16,1,0,0,0,0,0.1,0,PRODUCT,WRAP DE SARRASIN,DINAN,IN_PROGRESS,,,,BUCKWHEAT WRAP,DINAN
270784503,63237642,12/03/2019 12:05:05,12/03/2019 12:05:44,1,0,0,0,0,0.1,0,PRODUCT,WRAP DE SARRASIN,DINAN,IN_PROGRESS,,,,BUCKWHEAT WRAP,DINAN
308522146,72588836,15/05/2019 12:27:38,15/05/2019 12:27:45,1,0,0,0,0,0.1,0,PRODUCT,WRAP DE SARRASIN,DINAN,IN_PROGRESS,,,,BUCKWHEAT WRAP,DINAN
525426563,115392013,29/01/2020 12:17:58,29/01/2020 13:00:49,1,0,0,0,0,0.1,0,PRODUCT,WRAP DE SARRASIN,DINAN,DONE,,UNIT,UNIT,BUCKWHEAT WRAP,DINAN
340997130,80543382,03/07/2019 11:24:10,03/07/2019 11:27:06,1,0,0,0,0,0.1,0,PRODUCT,WRAP DE SARRASIN,DINAN,IN_PROGRESS,,,,BUCKWHEAT WRAP,DINAN
457970925,105537068,28/11/2019 12:17:15,28/11/2019 12:19:21,1,0,0,0,0,0.1,0,PRODUCT,WRAP DE SARRASIN,DINAN,DONE,,UNIT,UNIT,BUCKWHEAT WRAP,DINAN
249251506,57821098,31/01/2019 12:50:56,31/01/2019 12:51:01,1,0,0,0,0,0.1,0,PRODUCT,WRAP DE SARRASIN,DINAN,WAITING,,,,BUCKWHEAT WRAP,DINAN
242593088,56119418,17/01/2019 13:12:24,17/01/2019 13:12:50,1,0,0,0,0,0.1,0,PRODUCT,WRAP DE SARRASIN,DINAN,IN_PROGRESS,,,,BUCKWHEAT WRAP,DINAN
137247605,29672994,24/05/2018 10:52:34,24/05/2018 10:52:54,1,0,0,0,0,0.1,0,PRODUCT,BREIZH'N'ROLL,DINAN,IN_PROGRESS,,,,BREIZH&#39;N&#39;ROLL,DINAN
135246289,29150164,18/05/2018 11:26:24,18/05/2018 11:26:37,1,0,0,0,0,0.1,0,PRODUCT,BREIZH'N'ROLL,DINAN,WAITING,,,,BREIZH&#39;N&#39;ROLL,DINAN
194343847,43792757,02/10/2018 10:26:01,02/10/2018 10:34:20,1,0,0,0,0,0.1,0,PRODUCT,WRAP DE SARRASIN,DINAN,IN_PROGRESS,,,,BUCKWHEAT WRAP,DINAN
332435983,78475981,21/06/2019 10:16:29,21/06/2019 10:16:42,1,0,0,0,0,0.1,0,PRODUCT,WRAP DE SARRASIN,DINAN,IN_PROGRESS,,,,BUCKWHEAT WRAP,DINAN
185902763,41642073,14/09/2018 10:24:54,14/09/2018 10:25:58,1,0,0,0,0,0.1,0,PRODUCT,WRAP DE SARRASIN,DINAN,IN_PROGRESS,,,,BUCKWHEAT WRAP,DINAN
311683727,73360984,20/05/2019 11:47:33,20/05/2019 11:47:38,1,0,0,0,0,0.1,0,PRODUCT,WRAP DE SARRASIN,DINAN,IN_PROGRESS,,,,BUCKWHEAT WRAP,DINAN
326200704,76934872,12/06/2019 11:23:02,12/06/2019 11:26:13,1,0,0,0,0,0.1,0,PRODUCT,WRAP DE SARRASIN,DINAN,IN_PROGRESS,,,,BUCKWHEAT WRAP,DINAN
473623501,107901812,12/12/2019 12:04:26,12/12/2019 12:45:09,1,0,0,0,0,0.1,0,PRODUCT,WRAP DE SARRASIN,DINAN,DONE,,UNIT,UNIT,BUCKWHEAT WRAP,DINAN
229688242,52851028,17/12/2018 12:44:39,17/12/2018 12:46:25,1,0,0,0,0,0.1,0,PRODUCT,WRAP DE SARRASIN,DINAN,IN_PROGRESS,,,,BUCKWHEAT WRAP,DINAN
279294410,65393773,27/03/2019 13:18:57,27/03/2019 13:19:53,1,0,0,0,0,0.1,0,PRODUCT,WRAP DE SARRASIN,DINAN,WAITING,,,,BUCKWHEAT WRAP,DINAN
259811544,60488653,20/02/2019 12:01:00,20/02/2019 12:01:32,1,0,0,0,0,0.1,0,PRODUCT,WRAP DE SARRASIN,DINAN,IN_PROGRESS,,,,BUCKWHEAT WRAP,DINAN
167428690,37296235,02/08/2018 11:56:05,02/08/2018 11:56:43,1,0,0,0,0,0.1,0,PRODUCT,WRAP DE SARRASIN,DINAN,WAITING,,,,BUCKWHEAT WRAP,DINAN
335434851,79195481,25/06/2019 11:52:29,25/06/2019 11:53:05,1,0,0,0,0,0.1,0,PRODUCT,WRAP DE SARRASIN,DINAN,IN_PROGRESS,,,,BUCKWHEAT WRAP,DINAN
107858106,22310340,28/02/2018 12:23:47,28/02/2018 12:24:05,1,0,0,0,0,0.1,0,PRODUCT,BREIZH'N'ROLL,DINAN,IN_PROGRESS,,,,BREIZH&#39;N&#39;ROLL,DINAN
401265266,94297499,24/09/2019 11:28:15,24/09/2019 11:29:21,1,0,0,0,0,0.1,0,PRODUCT,WRAP DE SARRASIN,DINAN,DONE,,UNIT,UNIT,BUCKWHEAT WRAP,DINAN
109544886,22724910,06/03/2018 11:41:52,06/03/2018 11:42:48,1,0,0,0,0,0.1,0,PRODUCT,BREIZH'N'ROLL,DINAN,IN_PROGRESS,,,,BREIZH&#39;N&#39;ROLL,DINAN
195392886,44070359,04/10/2018 12:40:24,04/10/2018 12:40:29,1,0,0,0,0,0.1,0,PRODUCT,WRAP DE SARRASIN,DINAN,WAITING,,,,BUCKWHEAT WRAP,DINAN
137287194,29682558,24/05/2018 11:24:26,24/05/2018 11:25:02,1,0,0,0,0,0.1,0,PRODUCT,BREIZH'N'ROLL,DINAN,IN_PROGRESS,,,,BREIZH&#39;N&#39;ROLL,DINAN
336852568,79548360,27/06/2019 12:19:39,27/06/2019 12:20:04,1,0,0,0,0,0.1,0,PRODUCT,WRAP DE SARRASIN,DINAN,IN_PROGRESS,,,,BUCKWHEAT WRAP,DINAN
156896261,34726849,10/07/2018 11:23:15,10/07/2018 11:25:24,1,0,0,0,0,0.1,0,PRODUCT,WRAP DE SARRASIN,DINAN,IN_PROGRESS,,,,BUCKWHEAT WRAP,DINAN
99197966,20304818,30/01/2018 13:35:34,30/01/2018 13:35:43,1,0,0,0,0,0.1,0,PRODUCT,BREIZH'N'ROLL,DINAN,WAITING,,,,BREIZH&#39;N&#39;ROLL,DINAN
526408527,115536239,30/01/2020 11:08:36,30/01/2020 12:10:46,1,0,0,0,0,0.1,0,PRODUCT,WRAP DE SARRASIN,DINAN,DONE,,UNIT,UNIT,BUCKWHEAT WRAP,DINAN
227073760,52200593,12/12/2018 11:29:02,12/12/2018 11:29:49,1,0,0,0,0,0.1,0,PRODUCT,WRAP DE SARRASIN,DINAN,IN_PROGRESS,,,,BUCKWHEAT WRAP,DINAN
419139541,98612921,18/10/2019 10:54:22,18/10/2019 10:56:04,1,0,0,0,0,0.1,0,PRODUCT,WRAP DE SARRASIN,DINAN,DONE,,UNIT,UNIT,BUCKWHEAT WRAP,DINAN
256446240,59654322,14/02/2019 12:33:09,14/02/2019 12:34:51,1,0,0,0,0,0.1,0,PRODUCT,WRAP DE SARRASIN,DINAN,IN_PROGRESS,,,,BUCKWHEAT WRAP,DINAN
252257427,58584678,06/02/2019 13:30:45,06/02/2019 13:30:54,1,0,0,0,0,0.1,0,PRODUCT,WRAP DE SARRASIN,DINAN,WAITING,,,,BUCKWHEAT WRAP,DINAN
75224451,15180073,24/10/2017 10:27:09,24/10/2017 10:28:31,1,0,0,0,0,0.1,0,PRODUCT,BREIZH'N'ROLL,DINAN,IN_PROGRESS,,,,BREIZH&#39;N&#39;ROLL,DINAN
322185847,75967778,06/06/2019 10:39:27,06/06/2019 10:40:19,1,0,0,0,0,0.1,0,PRODUCT,WRAP DE SARRASIN,DINAN,IN_PROGRESS,,,,BUCKWHEAT WRAP,DINAN
483018723,109314995,20/12/2019 12:16:08,20/12/2019 12:48:05,1,0,0,0,0,0.1,0,PRODUCT,WRAP DE SARRASIN,DINAN,DONE,,UNIT,UNIT,BUCKWHEAT WRAP,DINAN
400584695,94128075,23/09/2019 10:33:22,23/09/2019 10:33:29,1,0,0,0,0,0.1,0,PRODUCT,WRAP DE SARRASIN,DINAN,DONE,,UNIT,UNIT,BUCKWHEAT WRAP,DINAN
267447701,62401524,06/03/2019 11:47:28,06/03/2019 11:50:23,1,0,0,0,0,0.1,0,PRODUCT,WRAP DE SARRASIN,DINAN,IN_PROGRESS,,,,BUCKWHEAT WRAP,DINAN
541802065,118874664,17/02/2020 12:00:49,17/02/2020 12:01:35,1,0,0,0,0,0.1,0,PRODUCT,WRAP DE SARRASIN,DINAN,DONE,,UNIT,UNIT,BUCKWHEAT WRAP,DINAN
403296684,94810050,27/09/2019 10:37:46,27/09/2019 10:38:16,1,0,0,0,0,0.1,0,PRODUCT,WRAP DE SARRASIN,DINAN,DONE,,UNIT,UNIT,BUCKWHEAT WRAP,DINAN
91355819,18450892,29/12/2017 12:42:07,29/12/2017 12:42:17,1,0,0,0,0,0.1,0,PRODUCT,BREIZH'N'ROLL,DINAN,IN_PROGRESS,,,,BREIZH&#39;N&#39;ROLL,DINAN
417060226,98067222,15/10/2019 10:57:12,15/10/2019 11:44:41,1,0,0,0,0,0.1,0,PRODUCT,WRAP DE SARRASIN,DINAN,DONE,,UNIT,UNIT,BUCKWHEAT WRAP,DINAN
360895924,85154911,30/07/2019 10:46:30,30/07/2019 12:29:41,1,0,0,0,0,0.1,0,PRODUCT,WRAP DE SARRASIN,DINAN,DONE,,UNIT,UNIT,BUCKWHEAT WRAP,DINAN
255358349,59366934,12/02/2019 12:21:55,12/02/2019 12:23:30,1,0,0,0,0,0.1,0,PRODUCT,WRAP DE SARRASIN,DINAN,IN_PROGRESS,,,,BUCKWHEAT WRAP,DINAN
419139546,98612921,18/10/2019 10:54:22,18/10/2019 10:56:04,1,0,0,0,0,0.1,0,PRODUCT,WRAP DE SARRASIN,DINAN,DONE,,UNIT,UNIT,BUCKWHEAT WRAP,DINAN
332589712,78512697,21/06/2019 11:31:40,21/06/2019 11:32:26,1,0,0,0,0,0.1,0,PRODUCT,WRAP DE SARRASIN,DINAN,IN_PROGRESS,,,,BUCKWHEAT WRAP,DINAN
137699583,29794547,25/05/2018 11:19:35,25/05/2018 11:20:00,1,0,0,0,0,0.1,0,PRODUCT,BREIZH'N'ROLL,DINAN,IN_PROGRESS,,,,BREIZH&#39;N&#39;ROLL,DINAN
197668920,44658827,09/10/2018 10:57:56,09/10/2018 10:59:53,1,0,0,0,0,0.1,0,PRODUCT,WRAP DE SARRASIN,DINAN,IN_PROGRESS,,,,BUCKWHEAT WRAP,DINAN
305461846,71832710,10/05/2019 10:34:42,10/05/2019 10:35:19,1,0,0,0,0,0.1,0,PRODUCT,WRAP DE SARRASIN,DINAN,IN_PROGRESS,,,,BUCKWHEAT WRAP,DINAN
421585734,99144080,21/10/2019 11:33:55,21/10/2019 12:06:55,1,0,0,0,0,0.1,0,PRODUCT,WRAP DE SARRASIN,DINAN,DONE,,UNIT,UNIT,BUCKWHEAT WRAP,DINAN
282406508,66159631,01/04/2019 11:00:43,01/04/2019 11:01:39,1,0,0,0,0,0.1,0,PRODUCT,WRAP DE SARRASIN,DINAN,IN_PROGRESS,,,,BUCKWHEAT WRAP,DINAN
444456043,103344541,15/11/2019 12:01:09,15/11/2019 12:43:06,1,0,0,0,0,0.1,0,PRODUCT,WRAP DE SARRASIN,DINAN,DONE,,UNIT,UNIT,BUCKWHEAT WRAP,DINAN
542400191,119026264,18/02/2020 12:09:12,18/02/2020 12:09:54,1,0,0,0,0,0.1,0,PRODUCT,WRAP DE SARRASIN,DINAN,DONE,,UNIT,UNIT,BUCKWHEAT WRAP,DINAN
424464762,99835740,25/10/2019 11:09:05,25/10/2019 12:06:51,1,0,0,0,0,0.1,0,PRODUCT,WRAP DE SARRASIN,DINAN,DONE,,UNIT,UNIT,BUCKWHEAT WRAP,DINAN
254941156,59252284,11/02/2019 12:08:54,11/02/2019 12:12:14,1,0,0,0,0,0.1,0,PRODUCT,WRAP DE SARRASIN,DINAN,IN_PROGRESS,,,,BUCKWHEAT WRAP,DINAN
87656050,17609717,12/12/2017 11:17:42,12/12/2017 11:18:12,1,0,0,0,0,0.1,0,PRODUCT,BREIZH'N'ROLL,DINAN,IN_PROGRESS,,,,BREIZH&#39;N&#39;ROLL,DINAN
245336795,56820399,23/01/2019 11:44:58,23/01/2019 11:45:36,1,0,0,0,0,0.1,0,PRODUCT,WRAP DE SARRASIN,DINAN,IN_PROGRESS,,,,BUCKWHEAT WRAP,DINAN
224267358,51487801,06/12/2018 11:52:26,06/12/2018 11:52:35,1,0,0,0,0,0.1,0,PRODUCT,WRAP DE SARRASIN,DINAN,IN_PROGRESS,,,,BUCKWHEAT WRAP,DINAN
286698193,67224181,08/04/2019 12:19:49,08/04/2019 12:19:58,1,0,0,0,0,0.1,0,PRODUCT,WRAP DE SARRASIN,DINAN,WAITING,,,,BUCKWHEAT WRAP,DINAN
254941164,59252284,11/02/2019 12:09:32,11/02/2019 12:12:14,1,0,0,0,0,0.1,0,PRODUCT,WRAP DE SARRASIN,DINAN,IN_PROGRESS,,,,BUCKWHEAT WRAP,DINAN
535800817,117573816,10/02/2020 11:45:46,10/02/2020 12:12:49,1,0,0,0,0,0.1,0,PRODUCT,WRAP DE SARRASIN,DINAN,DONE,,UNIT,UNIT,BUCKWHEAT WRAP,DINAN
312108662,73478058,21/05/2019 11:10:04,21/05/2019 11:10:59,1,0,0,0,0,0.1,0,PRODUCT,WRAP DE SARRASIN,DINAN,IN_PROGRESS,,,,BUCKWHEAT WRAP,DINAN
331705139,78295601,20/06/2019 10:31:44,20/06/2019 10:33:31,1,0,0,0,0,0.1,0,PRODUCT,WRAP DE SARRASIN,DINAN,IN_PROGRESS,,,,BUCKWHEAT WRAP,DINAN
218332647,49967133,23/11/2018 12:08:15,23/11/2018 12:09:41,1,0,0,0,0,0.1,0,PRODUCT,WRAP DE SARRASIN,DINAN,IN_PROGRESS,,,,BUCKWHEAT WRAP,DINAN
292085217,68566096,17/04/2019 11:23:45,17/04/2019 11:24:37,1,0,0,0,0,0.1,0,PRODUCT,WRAP DE SARRASIN,DINAN,IN_PROGRESS,,,,BUCKWHEAT WRAP,DINAN
139198580,30179222,29/05/2018 12:09:38,29/05/2018 12:10:37,1,0,0,0,0,0.1,0,PRODUCT,BREIZH'N'ROLL,DINAN,WAITING,,,,BREIZH&#39;N&#39;ROLL,DINAN
238341207,55016055,08/01/2019 12:20:15,08/01/2019 12:20:55,1,0,0,0,0,0.1,0,PRODUCT,WRAP DE SARRASIN,DINAN,WAITING,,,,BUCKWHEAT WRAP,DINAN
292040977,68555721,17/04/2019 10:59:07,17/04/2019 11:00:38,1,0,0,0,0,0.1,0,PRODUCT,WRAP DE SARRASIN,DINAN,IN_PROGRESS,,,,BUCKWHEAT WRAP,DINAN
407789352,95871914,03/10/2019 10:19:48,03/10/2019 10:49:32,1,0,0,0,0,0.1,0,PRODUCT,WRAP DE SARRASIN,DINAN,DONE,,UNIT,UNIT,BUCKWHEAT WRAP,DINAN
501075888,111656970,07/01/2020 12:18:20,07/01/2020 12:57:43,1,0,0,0,0,0.1,0,PRODUCT,WRAP DE SARRASIN,DINAN,DONE,,UNIT,UNIT,BUCKWHEAT WRAP,DINAN
220548647,50531516,28/11/2018 13:14:56,28/11/2018 13:19:50,1,0,0,0,0,0.1,0,PRODUCT,WRAP DE SARRASIN,DINAN,IN_PROGRESS,,,,BUCKWHEAT WRAP,DINAN
341812114,80741913,04/07/2019 11:53:00,04/07/2019 11:53:09,1,0,0,0,0,0.1,0,PRODUCT,WRAP DE SARRASIN,DINAN,WAITING,,,,BUCKWHEAT WRAP,DINAN
340286417,80368257,02/07/2019 11:30:00,02/07/2019 11:31:15,1,0,0,0,0,0.1,0,PRODUCT,WRAP DE SARRASIN,DINAN,IN_PROGRESS,,,,BUCKWHEAT WRAP,DINAN
210713800,47974663,06/11/2018 12:49:53,06/11/2018 12:50:00,1,0,0,0,0,0.1,0,PRODUCT,WRAP DE SARRASIN,DINAN,WAITING,,,,BUCKWHEAT WRAP,DINAN
87671949,17613764,12/12/2017 11:40:40,12/12/2017 11:42:17,1,0,0,0,0,0.1,0,PRODUCT,BREIZH'N'ROLL,DINAN,IN_PROGRESS,,,,BREIZH&#39;N&#39;ROLL,DINAN
223291922,51226704,04/12/2018 11:35:11,04/12/2018 11:36:58,1,0,0,0,0,0.1,0,PRODUCT,WRAP DE SARRASIN,DINAN,IN_PROGRESS,,,,BUCKWHEAT WRAP,DINAN
223761062,51354328,05/12/2018 11:47:11,05/12/2018 11:47:25,1,0,0,0,0,0.1,0,PRODUCT,WRAP DE SARRASIN,DINAN,IN_PROGRESS,,,,BUCKWHEAT WRAP,DINAN
247854842,57448841,28/01/2019 11:30:01,28/01/2019 11:30:51,1,0,0,0,0,0.1,0,PRODUCT,WRAP DE SARRASIN,DINAN,IN_PROGRESS,,,,BUCKWHEAT WRAP,DINAN
275813883,64521990,21/03/2019 12:50:06,21/03/2019 12:51:13,1,0,0,0,0,0.1,0,PRODUCT,WRAP DE SARRASIN,DINAN,WAITING,,,,BUCKWHEAT WRAP,DINAN
156908463,34729488,10/07/2018 11:30:53,10/07/2018 11:35:58,1,0,0,0,0,0.1,0,PRODUCT,WRAP DE SARRASIN,DINAN,IN_PROGRESS,,,,BUCKWHEAT WRAP,DINAN
204073317,46299673,22/10/2018 11:49:50,22/10/2018 11:55:27,1,0,0,0,0,0.1,0,PRODUCT,WRAP DE SARRASIN,DINAN,IN_PROGRESS,,,,BUCKWHEAT WRAP,DINAN
129566496,27677486,02/05/2018 11:11:26,02/05/2018 11:11:36,1,0,0,0,0,0.1,0,PRODUCT,BREIZH'N'ROLL,DINAN,IN_PROGRESS,,,,BREIZH&#39;N&#39;ROLL,DINAN
201524469,45656331,17/10/2018 11:15:36,17/10/2018 11:15:49,1,0,0,0,0,0.1,0,PRODUCT,WRAP DE SARRASIN,DINAN,IN_PROGRESS,,,,BUCKWHEAT WRAP,DINAN
263068089,61301541,26/02/2019 11:11:29,26/02/2019 11:12:14,1,0,0,0,0,0.1,0,PRODUCT,WRAP DE SARRASIN,DINAN,IN_PROGRESS,,,,BUCKWHEAT WRAP,DINAN
291985408,68542130,17/04/2019 10:31:23,17/04/2019 10:32:40,1,0,0,0,0,0.1,0,PRODUCT,WRAP DE SARRASIN,DINAN,IN_PROGRESS,,,,BUCKWHEAT WRAP,DINAN
91145322,18399959,28/12/2017 11:54:33,28/12/2017 11:54:42,1,0,0,0,0,0.1,0,PRODUCT,BREIZH'N'ROLL,DINAN,IN_PROGRESS,,,,BREIZH&#39;N&#39;ROLL,DINAN
75287503,15191350,24/10/2017 11:38:43,24/10/2017 11:39:50,1,0,0,0,0,0.1,0,PRODUCT,BREIZH'N'ROLL,DINAN,IN_PROGRESS,,,,BREIZH&#39;N&#39;ROLL,DINAN
471496066,107546972,10/12/2019 11:23:46,10/12/2019 12:16:29,1,0,0,0,0,0.1,0,PRODUCT,WRAP DE SARRASIN,DINAN,DONE,,UNIT,UNIT,BUCKWHEAT WRAP,DINAN
560466523,122954532,11/03/2020 11:29:01,11/03/2020 11:29:14,1,0,0,0,0,0.1,0,PRODUCT,WRAP DE SARRASIN,DINAN,DONE,,UNIT,UNIT,BUCKWHEAT WRAP,DINAN
428290866,100689439,30/10/2019 11:53:59,30/10/2019 12:33:13,1,0,0,0,0,0.1,0,PRODUCT,WRAP DE SARRASIN,DINAN,DONE,,UNIT,UNIT,BUCKWHEAT WRAP,DINAN
421513270,99121036,21/10/2019 10:38:50,21/10/2019 11:16:23,1,0,0,0,0,0.1,0,PRODUCT,WRAP DE SARRASIN,DINAN,DONE,,UNIT,UNIT,BUCKWHEAT WRAP,DINAN
335414221,79191321,25/06/2019 11:37:35,25/06/2019 11:38:42,1,0,0,0,0,0.1,0,PRODUCT,WRAP DE SARRASIN,DINAN,WAITING,,,,BUCKWHEAT WRAP,DINAN
326182077,76930577,12/06/2019 11:15:37,12/06/2019 11:16:19,1,0,0,0,0,0.1,0,PRODUCT,WRAP DE SARRASIN,DINAN,IN_PROGRESS,,,,BUCKWHEAT WRAP,DINAN
352270799,83186508,18/07/2019 11:11:56,18/07/2019 11:58:38,1,0,0,0,0,0.1,0,PRODUCT,WRAP DE SARRASIN,DINAN,DONE,,UNIT,UNIT,BUCKWHEAT WRAP,DINAN
180963211,40427756,04/09/2018 10:59:14,04/09/2018 11:00:45,1,0,0,0,0,0.1,0,PRODUCT,WRAP DE SARRASIN,DINAN,IN_PROGRESS,,,,BUCKWHEAT WRAP,DINAN
547799112,120139410,24/02/2020 11:34:54,24/02/2020 12:16:44,1,0,0,0,0,0.1,0,PRODUCT,WRAP DE SARRASIN,DINAN,DONE,,UNIT,UNIT,BUCKWHEAT WRAP,DINAN
249286090,57828161,31/01/2019 13:28:43,31/01/2019 13:30:52,1,0,0,0,0,0.1,0,PRODUCT,WRAP DE SARRASIN,DINAN,WAITING,,,,BUCKWHEAT WRAP,DINAN
488550075,108627479,16/12/2019 12:35:36,23/12/2019 21:41:46,1,0,0,0,0,0.1,0,PRODUCT,WRAP DE SARRASIN,DINAN,DONE,,UNIT,UNIT,BUCKWHEAT WRAP,DINAN
313967311,73965271,24/05/2019 10:53:32,24/05/2019 10:55:33,1,0,0,0,0,0.1,0,PRODUCT,WRAP DE SARRASIN,DINAN,IN_PROGRESS,,,,BUCKWHEAT WRAP,DINAN
88222998,17728018,14/12/2017 12:13:57,14/12/2017 12:14:15,1,0,0,0,0,0.1,0,PRODUCT,BREIZH'N'ROLL,DINAN,IN_PROGRESS,,,,BREIZH&#39;N&#39;ROLL,DINAN
117648374,24737030,30/03/2018 11:44:01,30/03/2018 11:44:11,1,0,0,0,0,0.1,0,PRODUCT,BREIZH'N'ROLL,DINAN,IN_PROGRESS,,,,BREIZH&#39;N&#39;ROLL,DINAN
139142538,30166314,29/05/2018 11:05:57,29/05/2018 11:07:12,1,0,0,0,0,0.1,0,PRODUCT,BREIZH'N'ROLL,DINAN,IN_PROGRESS,,,,BREIZH&#39;N&#39;ROLL,DINAN
292101967,68569753,17/04/2019 11:32:25,17/04/2019 11:34:50,1,0,0,0,0,0.1,0,PRODUCT,WRAP DE SARRASIN,DINAN,IN_PROGRESS,,,,BUCKWHEAT WRAP,DINAN
275718115,64499755,21/03/2019 11:50:32,21/03/2019 11:51:57,1,0,0,0,0,0.1,0,PRODUCT,WRAP DE SARRASIN,DINAN,IN_PROGRESS,,,,BUCKWHEAT WRAP,DINAN
111806487,23295556,13/03/2018 11:58:57,13/03/2018 11:59:13,1,0,0,0,0,0.1,0,PRODUCT,BREIZH'N'ROLL,DINAN,IN_PROGRESS,,,,BREIZH&#39;N&#39;ROLL,DINAN
295676526,69423713,23/04/2019 10:47:50,23/04/2019 10:48:14,1,0,0,0,0,0.1,0,PRODUCT,WRAP DE SARRASIN,DINAN,IN_PROGRESS,,,,BUCKWHEAT WRAP,DINAN
303933794,71450140,07/05/2019 11:40:50,07/05/2019 11:41:01,1,0,0,0,0,0.1,0,PRODUCT,WRAP DE SARRASIN,DINAN,IN_PROGRESS,,,,BUCKWHEAT WRAP,DINAN
334779973,79027137,24/06/2019 10:42:02,24/06/2019 10:42:21,1,0,0,0,0,0.1,0,PRODUCT,WRAP DE SARRASIN,DINAN,IN_PROGRESS,,,,BUCKWHEAT WRAP,DINAN
167428685,37296235,02/08/2018 11:56:05,02/08/2018 11:56:43,1,0,0,0,0,0.1,0,PRODUCT,WRAP DE SARRASIN,DINAN,WAITING,,,,BUCKWHEAT WRAP,DINAN
134835058,29037774,17/05/2018 11:02:06,17/05/2018 11:03:16,1,0,0,0,0,0.1,0,PRODUCT,BREIZH'N'ROLL,DINAN,IN_PROGRESS,,,,BREIZH&#39;N&#39;ROLL,DINAN
110221172,22892714,08/03/2018 11:53:04,08/03/2018 11:55:05,1,0,0,0,0,0.1,0,PRODUCT,BREIZH'N'ROLL,DINAN,IN_PROGRESS,,,,BREIZH&#39;N&#39;ROLL,DINAN
525012008,115354681,29/01/2020 11:00:42,29/01/2020 11:01:00,1,0,0,0,0,0.1,0,PRODUCT,WRAP DE SARRASIN,DINAN,DONE,,UNIT,UNIT,BUCKWHEAT WRAP,DINAN
127939766,27284942,27/04/2018 11:24:14,27/04/2018 11:24:59,1,0,0,0,0,0.1,0,PRODUCT,BREIZH'N'ROLL,DINAN,IN_PROGRESS,,,,BREIZH&#39;N&#39;ROLL,DINAN
278179938,65098021,25/03/2019 11:34:37,25/03/2019 11:35:03,1,0,0,0,0,0.1,0,PRODUCT,WRAP DE SARRASIN,DINAN,IN_PROGRESS,,,,BUCKWHEAT WRAP,DINAN
288911764,67802122,12/04/2019 10:58:57,12/04/2019 10:59:29,1,0,0,0,0,0.1,0,PRODUCT,WRAP DE SARRASIN,DINAN,IN_PROGRESS,,,,BUCKWHEAT WRAP,DINAN
86201928,17293572,06/12/2017 11:27:15,06/12/2017 11:27:21,1,0,0,0,0,0.1,0,PRODUCT,BREIZH'N'ROLL,DINAN,IN_PROGRESS,,,,BREIZH&#39;N&#39;ROLL,DINAN
213450618,48674342,12/11/2018 11:43:51,12/11/2018 11:44:24,1,0,0,0,0,0.1,0,PRODUCT,WRAP DE SARRASIN,DINAN,IN_PROGRESS,,,,BUCKWHEAT WRAP,DINAN
211590963,48208382,08/11/2018 12:54:18,08/11/2018 12:58:02,1,0,0,0,0,0.1,0,PRODUCT,WRAP DE SARRASIN,DINAN,WAITING,,,,BUCKWHEAT WRAP,DINAN
355330246,83905451,22/07/2019 12:43:52,22/07/2019 13:12:20,1,0,0,0,0,0.1,0,PRODUCT,WRAP DE SARRASIN,DINAN,DONE,,UNIT,UNIT,BUCKWHEAT WRAP,DINAN
270757844,63230941,12/03/2019 11:46:12,12/03/2019 11:49:47,1,0,0,0,0,0.1,0,PRODUCT,WRAP DE SARRASIN,DINAN,IN_PROGRESS,,,,BUCKWHEAT WRAP,DINAN
255884082,59505994,13/02/2019 12:33:57,13/02/2019 12:34:00,1,0,0,0,0,0.1,0,PRODUCT,WRAP DE SARRASIN,DINAN,WAITING,,,,BUCKWHEAT WRAP,DINAN
450558621,104349418,21/11/2019 12:32:18,21/11/2019 12:32:31,1,0,0,0,0,0.1,0,PRODUCT,WRAP DE SARRASIN,DINAN,DONE,,UNIT,UNIT,BUCKWHEAT WRAP,DINAN
220123146,50416058,27/11/2018 13:03:51,27/11/2018 13:05:19,1,0,0,0,0,0.1,0,PRODUCT,WRAP DE SARRASIN,DINAN,IN_PROGRESS,,,,BUCKWHEAT WRAP,DINAN
345300645,81568077,09/07/2019 10:19:03,09/07/2019 10:21:27,1,0,0,0,0,0.1,0,PRODUCT,WRAP DE SARRASIN,DINAN,IN_PROGRESS,,,,BUCKWHEAT WRAP,DINAN
224314146,51498983,06/12/2018 12:20:55,06/12/2018 12:21:48,1,0,0,0,0,0.1,0,PRODUCT,WRAP DE SARRASIN,DINAN,IN_PROGRESS,,,,BUCKWHEAT WRAP,DINAN
239761355,55395912,11/01/2019 12:44:33,11/01/2019 12:45:10,1,0,0,0,0,0.1,0,PRODUCT,WRAP DE SARRASIN,DINAN,IN_PROGRESS,,,,BUCKWHEAT WRAP,DINAN
535702537,117562077,10/02/2020 11:19:09,10/02/2020 11:19:27,1,0,0,0,0,0.1,0,PRODUCT,WRAP DE SARRASIN,DINAN,DONE,,UNIT,UNIT,BUCKWHEAT WRAP,DINAN
127947850,27286723,27/04/2018 11:32:42,27/04/2018 11:32:53,1,0,0,0,0,0.1,0,PRODUCT,BREIZH'N'ROLL,DINAN,IN_PROGRESS,,,,BREIZH&#39;N&#39;ROLL,DINAN
127468747,27162970,26/04/2018 10:36:13,26/04/2018 10:36:25,1,0,0,0,0,0.1,0,PRODUCT,BREIZH'N'ROLL,DINAN,IN_PROGRESS,,,,BREIZH&#39;N&#39;ROLL,DINAN
220103722,50411528,27/11/2018 12:40:30,27/11/2018 12:43:33,1,0,0,0,0,0.1,0,PRODUCT,WRAP DE SARRASIN,DINAN,IN_PROGRESS,,,,BUCKWHEAT WRAP,DINAN
274565691,64196454,19/03/2019 11:13:14,19/03/2019 11:13:40,1,0,0,0,0,0.1,0,PRODUCT,WRAP DE SARRASIN,DINAN,IN_PROGRESS,,,,BUCKWHEAT WRAP,DINAN
205894518,46782784,26/10/2018 11:14:46,26/10/2018 11:18:36,1,0,0,0,0,0.1,0,PRODUCT,WRAP DE SARRASIN,DINAN,IN_PROGRESS,,,,BUCKWHEAT WRAP,DINAN
305445873,71828562,10/05/2019 10:18:05,10/05/2019 10:25:56,1,0,0,0,0,0.1,0,PRODUCT,WRAP DE SARRASIN,DINAN,IN_PROGRESS,,,,BUCKWHEAT WRAP,DINAN
274565699,64196454,19/03/2019 11:13:15,19/03/2019 11:13:40,1,0,0,0,0,0.1,0,PRODUCT,WRAP DE SARRASIN,DINAN,IN_PROGRESS,,,,BUCKWHEAT WRAP,DINAN
218281267,49954637,23/11/2018 11:35:57,23/11/2018 11:37:48,1,0,0,0,0,0.1,0,PRODUCT,WRAP DE SARRASIN,DINAN,IN_PROGRESS,,,,BUCKWHEAT WRAP,DINAN
81443670,16251738,15/11/2017 12:12:51,15/11/2017 12:14:04,1,0,0,0,0,0.1,0,PRODUCT,BREIZH'N'ROLL,DINAN,IN_PROGRESS,,,,BREIZH&#39;N&#39;ROLL,DINAN
336864829,79550763,27/06/2019 12:32:13,27/06/2019 12:33:17,1,0,0,0,0,0.1,0,PRODUCT,WRAP DE SARRASIN,DINAN,WAITING,,,,BUCKWHEAT WRAP,DINAN
272506798,63691276,15/03/2019 13:03:21,15/03/2019 13:03:41,1,0,0,0,0,0.1,0,PRODUCT,WRAP DE SARRASIN,DINAN,WAITING,,,,BUCKWHEAT WRAP,DINAN
251695934,58437042,05/02/2019 12:08:02,05/02/2019 12:09:38,1,0,0,0,0,0.1,0,PRODUCT,WRAP DE SARRASIN,DINAN,IN_PROGRESS,,,,BUCKWHEAT WRAP,DINAN
214350380,48921873,14/11/2018 13:29:13,14/11/2018 13:30:05,1,0,0,0,0,0.1,0,PRODUCT,WRAP DE SARRASIN,DINAN,WAITING,,,,BUCKWHEAT WRAP,DINAN
464852748,106572993,04/12/2019 11:52:29,04/12/2019 11:53:05,1,0,0,0,0,0.1,0,PRODUCT,WRAP DE SARRASIN,DINAN,DONE,,UNIT,UNIT,BUCKWHEAT WRAP,DINAN
161564039,35897065,20/07/2018 10:55:12,20/07/2018 10:58:36,1,0,0,0,0,0.1,0,PRODUCT,WRAP DE SARRASIN,DINAN,IN_PROGRESS,,,,BUCKWHEAT WRAP,DINAN
197294832,44550567,08/10/2018 10:38:59,08/10/2018 10:42:50,1,0,0,0,0,0.1,0,PRODUCT,WRAP DE SARRASIN,DINAN,IN_PROGRESS,,,,BUCKWHEAT WRAP,DINAN
427496990,100519267,29/10/2019 11:55:18,29/10/2019 12:43:11,1,0,0,0,0,0.1,0,PRODUCT,WRAP DE SARRASIN,DINAN,DONE,,UNIT,UNIT,BUCKWHEAT WRAP,DINAN
84915676,17004562,30/11/2017 12:37:06,30/11/2017 12:37:45,1,0,0,0,0,0.1,0,PRODUCT,BREIZH'N'ROLL,DINAN,IN_PROGRESS,,,,BREIZH&#39;N&#39;ROLL,DINAN
101537012,20830399,07/02/2018 12:33:17,07/02/2018 12:33:23,1,0,0,0,0,0.1,0,PRODUCT,BREIZH'N'ROLL,DINAN,IN_PROGRESS,,,,BREIZH&#39;N&#39;ROLL,DINAN
518523977,114386190,23/01/2020 13:23:46,23/01/2020 13:24:28,1,0,0,0,0,0.1,0,PRODUCT,WRAP DE SARRASIN,DINAN,DONE,,UNIT,UNIT,BUCKWHEAT WRAP,DINAN
124992169,26526018,19/04/2018 11:20:27,19/04/2018 11:20:56,1,0,0,0,0,0.1,0,PRODUCT,BREIZH'N'ROLL,DINAN,IN_PROGRESS,,,,BREIZH&#39;N&#39;ROLL,DINAN
212095853,48347432,09/11/2018 12:47:29,09/11/2018 12:51:37,1,0,0,0,0,0.1,0,PRODUCT,WRAP DE SARRASIN,DINAN,WAITING,,,,BUCKWHEAT WRAP,DINAN
187487834,42028482,17/09/2018 11:10:28,17/09/2018 11:10:35,1,0,0,0,0,0.1,0,PRODUCT,WRAP DE SARRASIN,DINAN,IN_PROGRESS,,,,BUCKWHEAT WRAP,DINAN
326914513,77117322,13/06/2019 11:53:12,13/06/2019 11:53:25,1,0,0,0,0,0.1,0,PRODUCT,WRAP DE SARRASIN,DINAN,IN_PROGRESS,,,,BUCKWHEAT WRAP,DINAN
407129463,95717574,02/10/2019 11:28:10,02/10/2019 11:29:17,1,0,0,0,0,0.1,0,PRODUCT,WRAP DE SARRASIN,DINAN,DONE,,UNIT,UNIT,BUCKWHEAT WRAP,DINAN
474925089,108108252,13/12/2019 13:28:08,13/12/2019 13:58:21,1,0,0,0,0,0.1,0,PRODUCT,WRAP DE SARRASIN,DINAN,DONE,,UNIT,UNIT,BUCKWHEAT WRAP,DINAN
301576372,70884327,03/05/2019 11:18:03,03/05/2019 11:19:54,1,0,0,0,0,0.1,0,PRODUCT,WRAP DE SARRASIN,DINAN,IN_PROGRESS,,,,BUCKWHEAT WRAP,DINAN
448499314,103983479,19/11/2019 11:37:32,19/11/2019 12:15:54,1,0,0,0,0,0.1,0,PRODUCT,WRAP DE SARRASIN,DINAN,DONE,,UNIT,UNIT,BUCKWHEAT WRAP,DINAN
503930279,112130038,10/01/2020 11:28:15,10/01/2020 12:09:45,1,0,0,0,0,0.1,0,PRODUCT,WRAP DE SARRASIN,DINAN,DONE,,UNIT,UNIT,BUCKWHEAT WRAP,DINAN
95576846,19444662,17/01/2018 11:34:33,17/01/2018 11:34:43,1,0,0,0,0,0.1,0,PRODUCT,BREIZH'N'ROLL,DINAN,IN_PROGRESS,,,,BREIZH&#39;N&#39;ROLL,DINAN
326200728,76934872,12/06/2019 11:22:55,12/06/2019 11:26:14,1,0,0,0,0,0.1,0,PRODUCT,WRAP DE SARRASIN,DINAN,IN_PROGRESS,,,,BUCKWHEAT WRAP,DINAN
220075051,50404850,27/11/2018 12:19:06,27/11/2018 12:19:28,1,0,0,0,0,0.1,0,PRODUCT,WRAP DE SARRASIN,DINAN,IN_PROGRESS,,,,BUCKWHEAT WRAP,DINAN
264839630,61759952,01/03/2019 12:06:01,01/03/2019 12:07:36,1,0,0,0,0,0.1,0,PRODUCT,WRAP DE SARRASIN,DINAN,IN_PROGRESS,,,,BUCKWHEAT WRAP,DINAN
500244310,111520092,06/01/2020 12:26:03,06/01/2020 13:04:55,1,0,0,0,0,0.1,0,PRODUCT,WRAP DE SARRASIN,DINAN,DONE,,UNIT,UNIT,BUCKWHEAT WRAP,DINAN
303933791,71450140,07/05/2019 11:40:49,07/05/2019 11:41:01,1,0,0,0,0,0.1,0,PRODUCT,WRAP DE SARRASIN,DINAN,IN_PROGRESS,,,,BUCKWHEAT WRAP,DINAN
244560968,56605836,21/01/2019 11:48:15,21/01/2019 11:51:31,1,0,0,0,0,0.1,0,PRODUCT,WRAP DE SARRASIN,DINAN,IN_PROGRESS,,,,BUCKWHEAT WRAP,DINAN
74193273,14951601,19/10/2017 10:59:25,19/10/2017 11:00:44,1,0,0,0,0,0.1,0,PRODUCT,BREIZH'N'ROLL,DINAN,IN_PROGRESS,,,,BREIZH&#39;N&#39;ROLL,DINAN
245328687,56818332,23/01/2019 11:39:55,23/01/2019 11:40:16,1,0,0,0,0,0.1,0,PRODUCT,WRAP DE SARRASIN,DINAN,IN_PROGRESS,,,,BUCKWHEAT WRAP,DINAN